,Title,Average Score,Score Count,Game Modes
0,Valheim,87.99313343606723,165,Single player
0,Valheim,87.99313343606723,165,Multiplayer
0,Valheim,87.99313343606723,165,Co-operative
1,Palworld,70.72620269412138,162,Single player
1,Palworld,70.72620269412138,162,Multiplayer
1,Palworld,70.72620269412138,162,Co-operative
1,Palworld,70.72620269412138,162,Massively Multiplayer Online (MMO)
2,7 Days to Die,54.10697216625002,141,Single player
2,7 Days to Die,54.10697216625002,141,Multiplayer
2,7 Days to Die,54.10697216625002,141,Co-operative
2,7 Days to Die,54.10697216625002,141,Split screen
3,Satisfactory,74.77459600398358,110,Single player
3,Satisfactory,74.77459600398358,110,Multiplayer
3,Satisfactory,74.77459600398358,110,Co-operative
4,Project Zomboid,82.13136103484771,106,Single player
4,Project Zomboid,82.13136103484771,106,Multiplayer
4,Project Zomboid,82.13136103484771,106,Co-operative
4,Project Zomboid,82.13136103484771,106,Split screen
5,Phasmophobia,67.05807817202759,105,Single player
5,Phasmophobia,67.05807817202759,105,Multiplayer
5,Phasmophobia,67.05807817202759,105,Co-operative
6,Lethal Company,75.68037227597047,84,Single player
6,Lethal Company,75.68037227597047,84,Multiplayer
6,Lethal Company,75.68037227597047,84,Co-operative
7,VRChat,71.80128774997415,44,Single player
7,VRChat,71.80128774997415,44,Multiplayer
7,VRChat,71.80128774997415,44,Co-operative
7,VRChat,71.80128774997415,44,Massively Multiplayer Online (MMO)
8,BeamNG.drive,77.17831779679061,44,Single player
8,BeamNG.drive,77.17831779679061,44,Multiplayer
9,Stranded Deep,62.31472127945786,44,Single player
9,Stranded Deep,62.31472127945786,44,Multiplayer
9,Stranded Deep,62.31472127945786,44,Co-operative
10,Supermarket Simulator,60.64081972611066,42,Single player
11,Realm Royale Reforged,69.13286242859982,38,Single player
11,Realm Royale Reforged,69.13286242859982,38,Multiplayer
11,Realm Royale Reforged,69.13286242859982,38,Battle Royale
12,Green Hell,84.93378901747568,38,Single player
12,Green Hell,84.93378901747568,38,Multiplayer
12,Green Hell,84.93378901747568,38,Co-operative
13,WorldBox: God Simulator,64.55591786211168,36,Single player
14,Ultrakill,85.29712890792595,35,Single player
15,My Summer Car,70.096623595826,34,Single player
16,V Rising,84.82082498695354,33,Single player
16,V Rising,84.82082498695354,33,Multiplayer
16,V Rising,84.82082498695354,33,Co-operative
17,Dark and Darker,72.08843031971311,29,Single player
17,Dark and Darker,72.08843031971311,29,Multiplayer
17,Dark and Darker,72.08843031971311,29,Co-operative
18,BattleBit Remastered,70.37900501439468,29,Single player
18,BattleBit Remastered,70.37900501439468,29,Multiplayer
18,BattleBit Remastered,70.37900501439468,29,Co-operative
18,BattleBit Remastered,70.37900501439468,29,Massively Multiplayer Online (MMO)
19,Dyson Sphere Program,80.76003534170542,28,Single player
20,Sons of the Forest,73.22119719999064,26,Single player
20,Sons of the Forest,73.22119719999064,26,Multiplayer
20,Sons of the Forest,73.22119719999064,26,Co-operative
21,Project: Gorgon,76.94138297165841,26,Multiplayer
21,Project: Gorgon,76.94138297165841,26,Massively Multiplayer Online (MMO)
22,Universe Sandbox,81.69742305725927,26,Single player
23,Enshrouded,78.50799614430261,23,Single player
23,Enshrouded,78.50799614430261,23,Multiplayer
23,Enshrouded,78.50799614430261,23,Co-operative
24,NFUT Cards,94.78260869565217,23,Single player
24,NFUT Cards,94.78260869565217,23,Multiplayer
25,Super Animal Royale,64.93824809812908,23,Single player
25,Super Animal Royale,64.93824809812908,23,Multiplayer
25,Super Animal Royale,64.93824809812908,23,Co-operative
25,Super Animal Royale,64.93824809812908,23,Massively Multiplayer Online (MMO)
25,Super Animal Royale,64.93824809812908,23,Battle Royale
26,The Isle,85.33971479400523,22,Multiplayer
26,The Isle,85.33971479400523,22,Co-operative
26,The Isle,85.33971479400523,22,Massively Multiplayer Online (MMO)
27,Scum,80.57581155171133,21,Single player
27,Scum,80.57581155171133,21,Multiplayer
27,Scum,80.57581155171133,21,Co-operative
27,Scum,80.57581155171133,21,Massively Multiplayer Online (MMO)
28,Halls of Torment,92.86473056290106,20,Single player
29,Scrap Mechanic,61.0747967827588,20,Single player
29,Scrap Mechanic,61.0747967827588,20,Multiplayer
29,Scrap Mechanic,61.0747967827588,20,Co-operative
30,Godus,67.97408455851384,20,Single player
30,Godus,67.97408455851384,20,Multiplayer
31,Paint the Town Red,69.5224030992534,19,Single player
31,Paint the Town Red,69.5224030992534,19,Multiplayer
31,Paint the Town Red,69.5224030992534,19,Co-operative
32,Men of War: Assault Squad 2,77.48181570503874,19,Single player
32,Men of War: Assault Squad 2,77.48181570503874,19,Multiplayer
32,Men of War: Assault Squad 2,77.48181570503874,19,Co-operative
33,Farlight 84,24.71957769042393,18,Multiplayer
33,Farlight 84,24.71957769042393,18,Battle Royale
34,Dune: Spice Wars,71.25413235094109,16,Single player
34,Dune: Spice Wars,71.25413235094109,16,Multiplayer
34,Dune: Spice Wars,71.25413235094109,16,Co-operative
35,Friday Night Funkin',77.23533125043632,16,Single player
36,Heartbound,87.79783393501805,16,Single player
37,Stonehearth,74.34340896936035,16,Single player
37,Stonehearth,74.34340896936035,16,Multiplayer
37,Stonehearth,74.34340896936035,16,Co-operative
38,Ruthnar Online,90.36528669470889,15,Multiplayer
38,Ruthnar Online,90.36528669470889,15,Massively Multiplayer Online (MMO)
38,Ruthnar Online,90.36528669470889,15,Battle Royale
39,Crab Champions,62.22104126393624,15,Single player
39,Crab Champions,62.22104126393624,15,Multiplayer
39,Crab Champions,62.22104126393624,15,Co-operative
39,Crab Champions,62.22104126393624,15,Battle Royale
40,Vintage Story,85.84657336754606,15,Single player
40,Vintage Story,85.84657336754606,15,Multiplayer
41,Software Inc.,79.30190344351979,15,Single player
41,Software Inc.,79.30190344351979,15,Multiplayer
41,Software Inc.,79.30190344351979,15,Co-operative
42,Startup Company,66.0951021929778,15,Single player
43,A Twisted Path To Renown,93.30718954248367,14,Multiplayer
43,A Twisted Path To Renown,93.30718954248367,14,Co-operative
43,A Twisted Path To Renown,93.30718954248367,14,Massively Multiplayer Online (MMO)
44,Deep Rock Galactic: Survivor,77.30653437646535,14,Single player
45,Stream Racer,84.76923076923077,14,Multiplayer
46,Everspace 2,73.33999603357731,14,Single player
47,Rustler,65.5853557741938,14,Single player
47,Rustler,65.5853557741938,14,Multiplayer
48,Aimlabs,70.29421912212247,14,Single player
49,Mashinky,89.48685336772036,14,Single player
50,Shark Dating Simulator XL,57.69230769230769,14,Single player
51,Stoneshard,76.92554119475231,14,Single player
52,Caves of Qud,82.4420545025512,14,Single player
53,Surviving the Aftermath,57.49151311423476,13,Single player
54,Skater XL,71.959770803452,13,Single player
54,Skater XL,71.959770803452,13,Multiplayer
54,Skater XL,71.959770803452,13,Co-operative
55,Beast Battle Simulator,96.41172265904217,13,Single player
56,Colony Survival,80.18728587470066,13,Single player
56,Colony Survival,80.18728587470066,13,Multiplayer
56,Colony Survival,80.18728587470066,13,Co-operative
57,Exanima,79.92067603935372,13,Single player
58,Core Keeper,60.7937433820678,12,Single player
58,Core Keeper,60.7937433820678,12,Multiplayer
58,Core Keeper,60.7937433820678,12,Co-operative
59,The Vagrant,85.76387143650447,12,Single player
60,Earthfall,62.00689680303385,12,Single player
60,Earthfall,62.00689680303385,12,Multiplayer
60,Earthfall,62.00689680303385,12,Co-operative
61,SpaceEngine,89.92809987401883,12,Single player
62,Gloam,92.5925925925926,11,Battle Royale
63,We Went Back,59.37043486935174,11,Single player
64,Eco,91.56719640004408,11,Single player
64,Eco,91.56719640004408,11,Multiplayer
64,Eco,91.56719640004408,11,Co-operative
65,AdVenture Communist,59.89794158321573,11,Single player
66,Another Brick in the Mall,66.85778470329305,11,Single player
67,Pavlov VR,80.6610844584933,11,Single player
67,Pavlov VR,80.6610844584933,11,Multiplayer
67,Pavlov VR,80.6610844584933,11,Co-operative
68,Vainglory,69.93801827775835,11,Multiplayer
69,Suck Up!,81.21951219512195,10,Single player
70,Death Must Die,79.99721216906516,10,Single player
71,Supremacy: The Metaverse Game,87.84260515603799,10,Multiplayer
71,Supremacy: The Metaverse Game,87.84260515603799,10,Co-operative
71,Supremacy: The Metaverse Game,87.84260515603799,10,Massively Multiplayer Online (MMO)
72,Coral Island,75.64660493827161,10,Single player
73,Peglin,86.15768958222841,10,Single player
74,Havocado,77.0,10,Multiplayer
75,Blade & Sorcery,80.05454161613338,10,Single player
76,"Good Pizza, Great Pizza",64.25620110828709,10,Single player
77,Ravenfield,70.95404021222224,10,Single player
78,Passpartout: The Starving Artist,59.94069549359882,10,Single player
79,Serious Sam Classics: Revolution,87.61706494111856,10,Single player
79,Serious Sam Classics: Revolution,87.61706494111856,10,Multiplayer
79,Serious Sam Classics: Revolution,87.61706494111856,10,Co-operative
80,Who's Your Daddy,43.32214964721245,10,Multiplayer
80,Who's Your Daddy,43.32214964721245,10,Co-operative
81,No Rest for the Wicked,79.96556164465606,9,Single player
82,Slime Rancher 2,65.9702479338843,9,Single player
83,Seen,54.26400260464785,9,Single player
84,Russian Fishing 4,68.56625763972927,9,Single player
84,Russian Fishing 4,68.56625763972927,9,Multiplayer
84,Russian Fishing 4,68.56625763972927,9,Co-operative
84,Russian Fishing 4,68.56625763972927,9,Massively Multiplayer Online (MMO)
85,Rico,53.13678278816184,9,Single player
85,Rico,53.13678278816184,9,Multiplayer
85,Rico,53.13678278816184,9,Co-operative
86,Savage Lands,59.61447578996194,9,Single player
86,Savage Lands,59.61447578996194,9,Multiplayer
86,Savage Lands,59.61447578996194,9,Co-operative
87,The Universim,65.72087908908081,9,Single player
88,Hades II,85.0754897653551,8,Single player
89,Big Time,87.05882352941175,8,Massively Multiplayer Online (MMO)
90,Achilles: Legends Untold,57.53421887637653,8,Single player
90,Achilles: Legends Untold,57.53421887637653,8,Multiplayer
90,Achilles: Legends Untold,57.53421887637653,8,Co-operative
91,Second Extinction,72.61604711117297,8,Multiplayer
91,Second Extinction,72.61604711117297,8,Co-operative
92,Craftopia,71.79325842696629,8,Single player
92,Craftopia,71.79325842696629,8,Multiplayer
92,Craftopia,71.79325842696629,8,Co-operative
93,Dinkum,83.38946077023459,8,Single player
93,Dinkum,83.38946077023459,8,Multiplayer
93,Dinkum,83.38946077023459,8,Co-operative
94,Foundation,63.68350171809344,8,Single player
95,Nova Drift,39.54285714285714,8,Single player
96,Academia: School Simulator,69.81034505672702,8,Single player
97,Staxel,54.56949609190651,8,Single player
97,Staxel,54.56949609190651,8,Multiplayer
97,Staxel,54.56949609190651,8,Co-operative
98,Oriental Empires,53.375,8,Single player
98,Oriental Empires,53.375,8,Multiplayer
98,Oriental Empires,53.375,8,Co-operative
99,ARK: Survival of the Fittest,14.66815512119835,8,Multiplayer
99,ARK: Survival of the Fittest,14.66815512119835,8,Co-operative
99,ARK: Survival of the Fittest,14.66815512119835,8,Massively Multiplayer Online (MMO)
100,Echo of Soul,56.72286707808303,8,Multiplayer
100,Echo of Soul,56.72286707808303,8,Co-operative
100,Echo of Soul,56.72286707808303,8,Massively Multiplayer Online (MMO)
101,Riot: Civil Unrest,50.91514610670846,8,Single player
101,Riot: Civil Unrest,50.91514610670846,8,Multiplayer
101,Riot: Civil Unrest,50.91514610670846,8,Co-operative
102,Overpower,70.17241379310346,8,Single player
102,Overpower,70.17241379310346,8,Multiplayer
102,Overpower,70.17241379310346,8,Co-operative
103,Labyrinth,81.04545454545453,8,Multiplayer
104,Dead Effect 2,54.32579989842559,8,Single player
104,Dead Effect 2,54.32579989842559,8,Multiplayer
104,Dead Effect 2,54.32579989842559,8,Co-operative
105,The Guild 3,59.3083623245374,8,Single player
105,The Guild 3,59.3083623245374,8,Multiplayer
105,The Guild 3,59.3083623245374,8,Co-operative
106,Interstellar Marines,39.70762760263374,8,Single player
106,Interstellar Marines,39.70762760263374,8,Multiplayer
106,Interstellar Marines,39.70762760263374,8,Co-operative
107,The Coffin of Andy and Leyley,74.32765544938374,7,Single player
108,Soulstone Survivors,74.81166094561975,7,Single player
109,Lightyear Frontier,34.60674157303371,7,Single player
109,Lightyear Frontier,34.60674157303371,7,Multiplayer
109,Lightyear Frontier,34.60674157303371,7,Co-operative
110,Age of Darkness: Final Stand,70.80317539589043,7,Single player
111,Mad Games Tycoon 2,71.13177779651197,7,Single player
111,Mad Games Tycoon 2,71.13177779651197,7,Multiplayer
112,Foundry,86.20689655172414,7,Single player
112,Foundry,86.20689655172414,7,Multiplayer
112,Foundry,86.20689655172414,7,Co-operative
113,Tiny Bunny,71.41721795289932,7,Single player
114,Timberborn,71.91697415473745,7,Single player
115,Atlas,58.89921777576238,7,Single player
115,Atlas,58.89921777576238,7,Multiplayer
115,Atlas,58.89921777576238,7,Co-operative
115,Atlas,58.89921777576238,7,Massively Multiplayer Online (MMO)
116,Torque Drift,90.0,7,Single player
116,Torque Drift,90.0,7,Multiplayer
117,Legion TD 2,51.16048146568269,7,Single player
117,Legion TD 2,51.16048146568269,7,Multiplayer
117,Legion TD 2,51.16048146568269,7,Co-operative
118,Infinite Minigolf,62.66666666666666,7,Single player
118,Infinite Minigolf,62.66666666666666,7,Multiplayer
119,Stationeers,95.20050654284509,7,Single player
119,Stationeers,95.20050654284509,7,Multiplayer
119,Stationeers,95.20050654284509,7,Co-operative
120,Death Trash,68.52367872511509,7,Single player
120,Death Trash,68.52367872511509,7,Multiplayer
120,Death Trash,68.52367872511509,7,Co-operative
120,Death Trash,68.52367872511509,7,Split screen
121,Grav,56.24543788632251,7,Single player
121,Grav,56.24543788632251,7,Multiplayer
121,Grav,56.24543788632251,7,Co-operative
122,Blockade 3D,59.81505490544451,7,Multiplayer
122,Blockade 3D,59.81505490544451,7,Co-operative
123,Of Guards and Thieves,58.56139364990166,7,Multiplayer
123,Of Guards and Thieves,58.56139364990166,7,Co-operative
123,Of Guards and Thieves,58.56139364990166,7,Massively Multiplayer Online (MMO)
124,Between Me and the Night,77.27534502733315,7,Single player
125,Project: Playtime,53.33333333333333,6,Multiplayer
125,Project: Playtime,53.33333333333333,6,Co-operative
126,Yet Another Zombie Survivors,80.01239517362927,6,Single player
127,Shatterline,79.82540790582537,6,Multiplayer
127,Shatterline,79.82540790582537,6,Co-operative
128,The Anacrusis,53.60345222633449,6,Single player
128,The Anacrusis,53.60345222633449,6,Multiplayer
128,The Anacrusis,53.60345222633449,6,Co-operative
129,Farthest Frontier,79.98012175425518,6,Single player
130,All Over,83.33333333333334,6,Single player
131,Orbital Bullet,70.42121316700332,6,Single player
132,Firestone Idle RPG,47.06422018348624,6,Single player
132,Firestone Idle RPG,47.06422018348624,6,Multiplayer
132,Firestone Idle RPG,47.06422018348624,6,Co-operative
132,Firestone Idle RPG,47.06422018348624,6,Massively Multiplayer Online (MMO)
133,Trials of Fire,75.83333333333334,6,Single player
134,War Selection,62.2308979364194,6,Single player
134,War Selection,62.2308979364194,6,Multiplayer
134,War Selection,62.2308979364194,6,Massively Multiplayer Online (MMO)
135,Deeeer Simulator,62.07143660752438,6,Single player
136,Workers & Resources: Soviet Republic,68.50416764302213,6,Single player
137,Half-Life: Uplink,70.08421892086201,6,Single player
138,Maximum Action,63.80596290181607,6,Single player
139,Pandemic: The Board Game,61.13560829183328,6,Single player
139,Pandemic: The Board Game,61.13560829183328,6,Multiplayer
139,Pandemic: The Board Game,61.13560829183328,6,Co-operative
140,PixArk,71.30528907377536,6,Single player
140,PixArk,71.30528907377536,6,Multiplayer
140,PixArk,71.30528907377536,6,Co-operative
140,PixArk,71.30528907377536,6,Massively Multiplayer Online (MMO)
141,Gene Shift Auto,69.95083232193197,6,Single player
141,Gene Shift Auto,69.95083232193197,6,Multiplayer
141,Gene Shift Auto,69.95083232193197,6,Co-operative
141,Gene Shift Auto,69.95083232193197,6,Battle Royale
142,Demonologist,55.71428571428571,5,Multiplayer
142,Demonologist,55.71428571428571,5,Co-operative
143,Nightingale,61.34468910123252,5,Single player
143,Nightingale,61.34468910123252,5,Multiplayer
143,Nightingale,61.34468910123252,5,Co-operative
144,Turing Complete,83.37078651685394,5,Single player
145,Dominion,90.07874015748031,5,Single player
145,Dominion,90.07874015748031,5,Multiplayer
146,Anvil Saga,67.72131316470231,5,Single player
147,IdleOn: The Idle MMO,60.14821496751836,5,Single player
147,IdleOn: The Idle MMO,60.14821496751836,5,Multiplayer
147,IdleOn: The Idle MMO,60.14821496751836,5,Co-operative
147,IdleOn: The Idle MMO,60.14821496751836,5,Massively Multiplayer Online (MMO)
148,Population: One,96.0,5,Single player
148,Population: One,96.0,5,Multiplayer
148,Population: One,96.0,5,Battle Royale
149,Manor Lords,70.82163789842319,5,Single player
150,Hokko Life,43.0,5,Single player
151,Hunter's Arena: Legends,51.0809954501272,5,Single player
151,Hunter's Arena: Legends,51.0809954501272,5,Multiplayer
151,Hunter's Arena: Legends,51.0809954501272,5,Co-operative
151,Hunter's Arena: Legends,51.0809954501272,5,Massively Multiplayer Online (MMO)
152,Going Medieval,61.75159575149583,5,Single player
153,Dungeon of Dragon Knight,46.62921348314606,5,Single player
154,Size Matters,50.84093736992634,5,Single player
155,Drunken Wrestlers 2,76.0,5,Multiplayer
156,Vegas Infinite by PokerStars,88.0,5,Multiplayer
157,Scarf,66.4,5,Single player
158,Among Trees,69.54784831221782,5,Single player
159,Space Haven,63.80323791759334,5,Single player
160,Headsnatchers,47.78376298576376,5,Single player
160,Headsnatchers,47.78376298576376,5,Multiplayer
160,Headsnatchers,47.78376298576376,5,Co-operative
160,Headsnatchers,47.78376298576376,5,Split screen
161,The Lord of the Rings: Adventure Card Game,68.92047568695789,5,Single player
161,The Lord of the Rings: Adventure Card Game,68.92047568695789,5,Multiplayer
161,The Lord of the Rings: Adventure Card Game,68.92047568695789,5,Co-operative
162,Witchfire,49.69721893740783,5,Single player
163,Computer Tycoon,68.4416367775665,5,Single player
164,Desolate,76.41030041246324,5,Single player
164,Desolate,76.41030041246324,5,Multiplayer
164,Desolate,76.41030041246324,5,Co-operative
165,Bio Inc. Redemption,70.0,5,Single player
165,Bio Inc. Redemption,70.0,5,Multiplayer
166,AdventureQuest 3D,63.14621339834339,5,Single player
166,AdventureQuest 3D,63.14621339834339,5,Multiplayer
166,AdventureQuest 3D,63.14621339834339,5,Co-operative
166,AdventureQuest 3D,63.14621339834339,5,Massively Multiplayer Online (MMO)
167,Paranormal Activity: The Lost Soul,69.02774897875744,5,Single player
168,Tower Unite,80.81601636208076,5,Single player
168,Tower Unite,80.81601636208076,5,Multiplayer
168,Tower Unite,80.81601636208076,5,Co-operative
168,Tower Unite,80.81601636208076,5,Massively Multiplayer Online (MMO)
169,WWII Online,72.5,5,Single player
169,WWII Online,72.5,5,Multiplayer
169,WWII Online,72.5,5,Co-operative
169,WWII Online,72.5,5,Massively Multiplayer Online (MMO)
170,Chime Sharp,78.16666666666666,5,Single player
171,StarCrawlers,70.03088533873589,5,Single player
172,Bang-On Balls: Chronicles,80.0,4,Single player
172,Bang-On Balls: Chronicles,80.0,4,Multiplayer
172,Bang-On Balls: Chronicles,80.0,4,Co-operative
173,The Long Drive,60.0,4,Single player
174,Black Skylands,80.0,4,Single player
175,Gamecraft,60.0,4,Single player
176,Shortest Trip to Earth,64.83333333333334,4,Single player
177,Mist Survival,80.0,4,Single player
178,Meow Motors,65.5,4,Single player
178,Meow Motors,65.5,4,Multiplayer
178,Meow Motors,65.5,4,Co-operative
178,Meow Motors,65.5,4,Split screen
179,Mars Horizon,80.0,4,Single player
180,The Coin Game,70.0,4,Single player
181,Chinese Parents,80.0,4,Single player
182,Fault: Elder Orb,50.0,4,Multiplayer
182,Fault: Elder Orb,50.0,4,Co-operative
183,Yorkshire Gubbins,79.0,4,Single player
184,Rise to Ruins,80.0,4,Single player
185,Knockout League,76.0,4,Single player
186,Long Gone Days,72.0,4,Single player
187,Guild Quest,60.0,4,Single player
188,Derail Valley,80.0,4,Single player
189,Terroir,60.0,4,Single player
190,Pocket Rumble,62.5,4,Single player
190,Pocket Rumble,62.5,4,Multiplayer
191,Can't Drive This,50.0,4,Single player
191,Can't Drive This,50.0,4,Multiplayer
191,Can't Drive This,50.0,4,Co-operative
191,Can't Drive This,50.0,4,Split screen
192,Windscape,66.16666666666667,4,Single player
193,Volo Airsport,50.0,4,Single player
194,Salt,80.0,4,Single player
194,Salt,80.0,4,Multiplayer
194,Salt,80.0,4,Co-operative
195,Automation: The Car Company Tycoon Game,80.0,4,Single player
196,The Way of Life,66.16795317036319,4,Single player
197,Medieval Engineers,60.0,4,Single player
197,Medieval Engineers,60.0,4,Multiplayer
197,Medieval Engineers,60.0,4,Co-operative
198,Secrets of Grindea,80.0,4,Single player
198,Secrets of Grindea,80.0,4,Multiplayer
198,Secrets of Grindea,80.0,4,Co-operative
199,Realms of Arkania: Star Trail,50.0,4,Single player
200,Stranded: Alien Dawn,83.66666666666667,3,Single player
201,Power Chord,60.0,3,Single player
202,Instruments of Destruction,87.0,3,Single player
203,Tinker Racers,70.0,3,Single player
203,Tinker Racers,70.0,3,Multiplayer
203,Tinker Racers,70.0,3,Co-operative
204,The Political Process,80.0,3,Single player
205,10 Miles to Safety,80.0,3,Single player
205,10 Miles to Safety,80.0,3,Multiplayer
205,10 Miles to Safety,80.0,3,Co-operative
206,Hot Shot Burn,70.0,3,Single player
206,Hot Shot Burn,70.0,3,Multiplayer
207,Quantum League,71.0,3,Multiplayer
208,A Year of Rain,50.0,3,Single player
208,A Year of Rain,50.0,3,Multiplayer
208,A Year of Rain,50.0,3,Co-operative
209,Rogue Star Rescue,70.0,3,Single player
209,Rogue Star Rescue,70.0,3,Multiplayer
209,Rogue Star Rescue,70.0,3,Co-operative
210,Blazing Sails,80.0,3,Multiplayer
210,Blazing Sails,80.0,3,Co-operative
210,Blazing Sails,80.0,3,Battle Royale
211,Mystic Vale,75.0,3,Single player
211,Mystic Vale,75.0,3,Multiplayer
212,Nanotale: Typing Chronicles,65.0,3,Single player
213,Down to Hell,45.0,3,Single player
214,Tapsonic Bold,25.0,3,Single player
215,Beasts of Bermuda,50.0,3,Multiplayer
215,Beasts of Bermuda,50.0,3,Massively Multiplayer Online (MMO)
216,Rising Hell,70.0,3,Single player
217,The Waylanders,60.0,3,Single player
218,Factory Town,70.0,3,Single player
219,Deadly Days,60.0,3,Single player
220,Clicker Heroes 2,60.0,3,Single player
221,Fugl,71.5,3,Single player
222,Intruder,80.0,3,Multiplayer
223,Cogmind,80.0,3,Single player
224,Null Vector,78.5,3,Single player
224,Null Vector,78.5,3,Multiplayer
224,Null Vector,78.5,3,Co-operative
225,Broke Protocol: Online City RPG,50.0,3,Single player
225,Broke Protocol: Online City RPG,50.0,3,Multiplayer
225,Broke Protocol: Online City RPG,50.0,3,Co-operative
225,Broke Protocol: Online City RPG,50.0,3,Massively Multiplayer Online (MMO)
226,Guns'n'Stories: Bulletproof VR,71.5,3,Single player
227,CAT Interstellar,60.0,3,Single player
228,Head Shot,50.0,3,Multiplayer
229,UBoat,60.0,3,Single player
230,Atomic Society,70.0,3,Single player
231,Pylon: Rogue,62.0,3,Single player
232,Onward,80.0,3,Single player
232,Onward,80.0,3,Multiplayer
232,Onward,80.0,3,Co-operative
233,Quarantine,60.0,3,Single player
234,The Spatials: Galactology,70.0,3,Single player
235,Wayward,80.0,3,Single player
235,Wayward,80.0,3,Multiplayer
235,Wayward,80.0,3,Co-operative
236,Dreambreak,51.66666666666666,3,Single player
237,Holodrive,79.0,3,Multiplayer
238,Saurian,60.0,3,Single player
239,Empires of the Undergrowth,80.0,3,Single player
240,Wartile,70.0,3,Single player
240,Wartile,70.0,3,Multiplayer
241,KeeperRL,80.0,3,Single player
242,Project Aura,50.0,3,Single player
243,1... 2... 3... Kick It!: Drop That Beat Like an Ugly Baby,40.0,3,Single player
244,Rising World,80.0,3,Single player
244,Rising World,80.0,3,Multiplayer
244,Rising World,80.0,3,Co-operative
245,Starforge,10.17757790959444,3,Single player
245,Starforge,10.17757790959444,3,Multiplayer
246,Fabledom,83.0,2,Single player
247,Kukoos: Lost Pets,61.5,2,Single player
247,Kukoos: Lost Pets,61.5,2,Multiplayer
248,GetsuFumaDen: Undying Moon,70.5,2,Single player
249,Fuzz Force: Spook Squad,70.0,2,Single player
250,Knock on the Coffin Lid,70.0,2,Single player
251,Streamer Daily,70.0,2,Single player
252,Soviet Jump Game,80.0,2,Multiplayer
252,Soviet Jump Game,80.0,2,Massively Multiplayer Online (MMO)
253,Card Hog,80.0,2,Single player
253,Card Hog,80.0,2,Multiplayer
253,Card Hog,80.0,2,Co-operative
254,Comanche,60.0,2,Single player
254,Comanche,60.0,2,Multiplayer
255,Undying,67.0,2,Single player
256,Killsquad,72.5,2,Single player
256,Killsquad,72.5,2,Multiplayer
256,Killsquad,72.5,2,Co-operative
257,Little Witch Nobeta,70.5,2,Single player
258,Ashes of Oahu,50.0,2,Single player
259,Timeflow: Time and Money Simulator,50.0,2,Single player
259,Timeflow: Time and Money Simulator,50.0,2,Multiplayer
260,Last Oasis,60.0,2,Single player
260,Last Oasis,60.0,2,Multiplayer
260,Last Oasis,60.0,2,Massively Multiplayer Online (MMO)
261,Odd Realm,70.0,2,Single player
262,No Time to Relax,70.0,2,Single player
262,No Time to Relax,70.0,2,Multiplayer
263,Pax Nova,50.0,2,Single player
264,XO,70.0,2,Single player
265,Never Breakup,60.0,2,Multiplayer
265,Never Breakup,60.0,2,Co-operative
266,Newfound Courage,70.0,2,Single player
267,CryoFall,50.0,2,Single player
267,CryoFall,50.0,2,Multiplayer
267,CryoFall,50.0,2,Co-operative
267,CryoFall,50.0,2,Massively Multiplayer Online (MMO)
268,Godhood,50.0,2,Single player
269,Dead or School,67.5,2,Single player
270,This Land Is My Land,70.0,2,Single player
271,Blast Zone! Tournament,50.0,2,Single player
271,Blast Zone! Tournament,50.0,2,Multiplayer
271,Blast Zone! Tournament,50.0,2,Co-operative
272,KurtzPel,50.0,2,Multiplayer
272,KurtzPel,50.0,2,Co-operative
272,KurtzPel,50.0,2,Massively Multiplayer Online (MMO)
273,Blood Waves,50.0,2,Single player
274,Forged Battalion,80.0,2,Single player
274,Forged Battalion,80.0,2,Multiplayer
274,Forged Battalion,80.0,2,Co-operative
275,Flotsam,60.0,2,Single player
276,Wasted Pizza,50.0,2,Multiplayer
277,Flashing Lights: Police Fire EMS,50.0,2,Single player
277,Flashing Lights: Police Fire EMS,50.0,2,Multiplayer
277,Flashing Lights: Police Fire EMS,50.0,2,Co-operative
278,Witch Hunt,80.0,2,Single player
279,Empires in Ruins,70.0,2,Single player
280,Dog Duty,70.0,2,Single player
281,Operation Warcade VR,72.5,2,Single player
282,Crest,60.0,2,Single player
283,The District,20.0,2,Single player
284,VR Karts,57.5,2,Single player
285,Planet Centauri,60.0,2,Single player
285,Planet Centauri,60.0,2,Multiplayer
286,Gamma Bros,70.0,2,Single player
287,Project Arrhythmia,70.0,2,Single player
287,Project Arrhythmia,70.0,2,Multiplayer
287,Project Arrhythmia,70.0,2,Co-operative
288,QuiVr,80.0,2,Single player
288,QuiVr,80.0,2,Multiplayer
288,QuiVr,80.0,2,Co-operative
289,Blasters of the Universe,70.0,2,Single player
290,Bombslinger,72.5,2,Single player
290,Bombslinger,72.5,2,Multiplayer
291,Star Explorers,50.0,2,Single player
292,Bigfoot,50.0,2,Single player
292,Bigfoot,50.0,2,Multiplayer
292,Bigfoot,50.0,2,Co-operative
293,Drunkn Bar Fight,80.0,2,Single player
293,Drunkn Bar Fight,80.0,2,Multiplayer
293,Drunkn Bar Fight,80.0,2,Co-operative
294,Low Magic Age,80.0,2,Single player
295,A-Tech Cybernetic,80.0,2,Single player
296,Production Line,60.0,2,Single player
297,Karnage Chronicles,80.0,2,Single player
297,Karnage Chronicles,80.0,2,Multiplayer
297,Karnage Chronicles,80.0,2,Co-operative
298,Post Human W.A.R,75.0,2,Single player
298,Post Human W.A.R,75.0,2,Multiplayer
299,Sailaway,80.0,2,Single player
299,Sailaway,80.0,2,Multiplayer
299,Sailaway,80.0,2,Massively Multiplayer Online (MMO)
300,NITE Team 4,70.0,2,Single player
300,NITE Team 4,70.0,2,Multiplayer
300,NITE Team 4,70.0,2,Co-operative
300,NITE Team 4,70.0,2,Massively Multiplayer Online (MMO)
301,We Need to Go Deeper,80.0,2,Single player
301,We Need to Go Deeper,80.0,2,Multiplayer
301,We Need to Go Deeper,80.0,2,Co-operative
302,BattleCrew: Space Pirates,35.0,2,Multiplayer
302,BattleCrew: Space Pirates,35.0,2,Co-operative
303,Spellsworn,80.0,2,Multiplayer
304,Yore VR,50.0,2,Single player
305,Stellar Overload,60.0,2,Single player
305,Stellar Overload,60.0,2,Multiplayer
305,Stellar Overload,60.0,2,Co-operative
306,Timber and Stone,50.0,2,Single player
307,Drift Into Eternity,72.5,2,Single player
308,Exoplanet: First Contact,80.0,2,Single player
309,Feed and Grow: Fish,60.0,2,Single player
309,Feed and Grow: Fish,60.0,2,Multiplayer
309,Feed and Grow: Fish,60.0,2,Co-operative
310,DropZone,75.0,2,Single player
310,DropZone,75.0,2,Multiplayer
310,DropZone,75.0,2,Co-operative
311,De Mambo,74.0,2,Single player
311,De Mambo,74.0,2,Multiplayer
311,De Mambo,74.0,2,Co-operative
312,Super Indie Karts,80.0,2,Single player
312,Super Indie Karts,80.0,2,Multiplayer
313,All Guns on Deck,40.0,2,Single player
314,Wild Warfare,70.0,2,Multiplayer
315,Elea,70.0,2,Single player
316,Kingdoms Rise,50.0,2,Multiplayer
316,Kingdoms Rise,50.0,2,Co-operative
317,Bombernauts,80.0,2,Multiplayer
318,Folk Tale,50.0,2,Single player
319,Gabe Newell Simulator,50.0,2,Single player
320,Subaeria,57.5,2,Single player
321,Dispatcher,40.0,2,Single player
321,Dispatcher,40.0,2,Multiplayer
322,Rodina,80.0,2,Single player
323,Starmade,60.0,2,Single player
323,Starmade,60.0,2,Multiplayer
323,Starmade,60.0,2,Co-operative
324,Block Story,50.0,2,Single player
325,Prismata,70.0,2,Single player
325,Prismata,70.0,2,Multiplayer
326,Soulslinger: Envoy of Death,92.0,1,Single player
327,New Star GP,80.0,1,Single player
327,New Star GP,80.0,1,Multiplayer
328,Forgive Me Father 2,70.0,1,Single player
329,Go-Go Town!,85.0,1,Single player
329,Go-Go Town!,85.0,1,Multiplayer
329,Go-Go Town!,85.0,1,Co-operative
330,Trinity Fusion,85.0,1,Single player
331,Voltaire: The Vegan Vampire,60.0,1,Single player
331,Voltaire: The Vegan Vampire,60.0,1,Multiplayer
331,Voltaire: The Vegan Vampire,60.0,1,Co-operative
332,Arto,35.0,1,Single player
333,MythForce,65.0,1,Single player
333,MythForce,65.0,1,Multiplayer
333,MythForce,65.0,1,Co-operative
334,Spiritfall,66.0,1,Single player
335,Sker Ritual,60.0,1,Single player
335,Sker Ritual,60.0,1,Multiplayer
335,Sker Ritual,60.0,1,Co-operative
336,Lovecraft's Untold Stories 2,40.0,1,Single player
336,Lovecraft's Untold Stories 2,40.0,1,Multiplayer
336,Lovecraft's Untold Stories 2,40.0,1,Co-operative
337,Thy Creature,90.0,1,Single player
338,Oaken,65.0,1,Single player
339,Dread Delusion,73.0,1,Single player
340,Mortal Sin,81.0,1,Single player
341,Ember Knights,85.0,1,Single player
341,Ember Knights,85.0,1,Multiplayer
341,Ember Knights,85.0,1,Co-operative
342,Puzzle Quest 3,60.0,1,Single player
342,Puzzle Quest 3,60.0,1,Multiplayer
343,Patch Quest,85.0,1,Single player
343,Patch Quest,85.0,1,Co-operative
344,Graven,75.0,1,Single player
344,Graven,75.0,1,Multiplayer
344,Graven,75.0,1,Co-operative
345,Total Arcade Racing,80.0,1,Single player
345,Total Arcade Racing,80.0,1,Multiplayer
345,Total Arcade Racing,80.0,1,Co-operative
346,Titan Chaser,80.0,1,Single player
347,Victory Road,80.0,1,Single player
348,Mists of Noyah,60.0,1,Single player
348,Mists of Noyah,60.0,1,Multiplayer
348,Mists of Noyah,60.0,1,Co-operative
349,Weed Farmer Simulator,50.0,1,Single player
350,Shaolin vs Wutang 2,70.0,1,Single player
350,Shaolin vs Wutang 2,70.0,1,Multiplayer
351,Barricadez,80.0,1,Single player
352,Ultimate Zombie Defense,70.0,1,Single player
352,Ultimate Zombie Defense,70.0,1,Multiplayer
352,Ultimate Zombie Defense,70.0,1,Co-operative
353,Tainted Grail: The Fall of Avalon,0.0,1,Single player
354,Spellsword Cards: DungeonTop,68.0,1,Single player
355,Mad Experiments: Escape Room,70.0,1,Single player
355,Mad Experiments: Escape Room,70.0,1,Multiplayer
355,Mad Experiments: Escape Room,70.0,1,Co-operative
356,MMORPG Tycoon 2,70.0,1,Single player
357,Tip of the Spear: Task Force Elite,80.0,1,Single player
357,Tip of the Spear: Task Force Elite,80.0,1,Multiplayer
358,The Yellow King,70.0,1,Single player
358,The Yellow King,70.0,1,Multiplayer
358,The Yellow King,70.0,1,Co-operative
358,The Yellow King,70.0,1,Massively Multiplayer Online (MMO)
359,Errant Kingdom,70.0,1,Single player
360,Day of Dragons,50.0,1,Single player
360,Day of Dragons,50.0,1,Multiplayer
361,Book of Travels,66.0,1,Multiplayer
361,Book of Travels,66.0,1,Co-operative
361,Book of Travels,66.0,1,Massively Multiplayer Online (MMO)
362,Necronator: Dead Wrong,65.0,1,Single player
363,Drift of the Hill,80.0,1,Single player
364,Neon Noodles: Cyberpunk Kitchen Automation,70.0,1,Single player
365,Beat Blast,88.0,1,Single player
366,Bastide,50.0,1,Single player
367,MicroTown,70.0,1,Single player
368,Devil's Deck,60.0,1,Single player
369,Neon Tail,70.0,1,Single player
370,Onset,70.0,1,Multiplayer
370,Onset,70.0,1,Massively Multiplayer Online (MMO)
371,Shadows of Doubt,80.0,1,Single player
371,Shadows of Doubt,80.0,1,Multiplayer
372,Sky Link,70.0,1,Multiplayer
372,Sky Link,70.0,1,Massively Multiplayer Online (MMO)
373,Ritual: Crown of Horns,75.0,1,Single player
374,Naxia,50.0,1,Single player
375,Ninja Legends,70.0,1,Single player
376,Axis & Allies 1942 Online,50.0,1,Single player
376,Axis & Allies 1942 Online,50.0,1,Multiplayer
376,Axis & Allies 1942 Online,50.0,1,Co-operative
377,Siege of Centauri,65.0,1,Single player
378,Gravity Ace,70.0,1,Single player
379,Burned Land,70.0,1,Single player
380,Road to Guangdong,50.0,1,Single player
381,Winkeltje: The Little Shop,70.0,1,Single player
382,2084,50.0,1,Single player
382,2084,50.0,1,Multiplayer
383,Hotel Sowls,65.0,1,Single player
384,Metaverse Keeper,70.0,1,Single player
384,Metaverse Keeper,70.0,1,Multiplayer
384,Metaverse Keeper,70.0,1,Co-operative
385,Murder Mystery Machine,73.0,1,Single player
386,Fantasy Blacksmith,50.0,1,Single player
387,Deadliest Catch: The Game,45.0,1,Single player
388,Blink: Rogues,65.0,1,Single player
388,Blink: Rogues,65.0,1,Multiplayer
388,Blink: Rogues,65.0,1,Split screen
389,Pandemic Express: Zombie Escape,60.0,1,Multiplayer
389,Pandemic Express: Zombie Escape,60.0,1,Massively Multiplayer Online (MMO)
390,Time Warpers,70.0,1,Single player
390,Time Warpers,70.0,1,Multiplayer
390,Time Warpers,70.0,1,Co-operative
391,Deadside,60.0,1,Multiplayer
391,Deadside,60.0,1,Co-operative
391,Deadside,60.0,1,Massively Multiplayer Online (MMO)
392,Lawless Lands,70.0,1,Single player
393,Starcom: Nexus,70.0,1,Single player
394,Good Company,60.0,1,Single player
394,Good Company,60.0,1,Multiplayer
394,Good Company,60.0,1,Co-operative
395,Black Paradox,35.0,1,Single player
395,Black Paradox,35.0,1,Multiplayer
395,Black Paradox,35.0,1,Co-operative
396,Seeds of Resilience,60.0,1,Single player
397,Rapture Rejects,50.0,1,Battle Royale
398,Melting World Online,50.0,1,Multiplayer
398,Melting World Online,50.0,1,Co-operative
398,Melting World Online,50.0,1,Massively Multiplayer Online (MMO)
399,A Long Way Down,50.0,1,Single player
400,Adeptus Titanicus: Dominus,80.0,1,Single player
400,Adeptus Titanicus: Dominus,80.0,1,Multiplayer
401,The Hardest Dungeon,70.0,1,Single player
402,Find Your Way,50.0,1,Single player
403,Newt One,70.0,1,Single player
404,The True Slime King,90.0,1,Single player
405,ValeGuard,64.0,1,Single player
406,Vox Machinae,80.0,1,Single player
406,Vox Machinae,80.0,1,Multiplayer
406,Vox Machinae,80.0,1,Co-operative
407,Final Assault,70.0,1,Single player
407,Final Assault,70.0,1,Multiplayer
408,BoxVR,80.0,1,Single player
409,Sipho,70.0,1,Single player
410,The Snowboard Game,60.0,1,Single player
410,The Snowboard Game,60.0,1,Multiplayer
411,Swords 'n Magic and Stuff,80.0,1,Single player
411,Swords 'n Magic and Stuff,80.0,1,Multiplayer
411,Swords 'n Magic and Stuff,80.0,1,Co-operative
