,Title,Average Score,Score Count,Genres
0,Valheim,87.99313343606723,165,Role-playing (RPG)
0,Valheim,87.99313343606723,165,Adventure
0,Valheim,87.99313343606723,165,Indie
1,Palworld,70.72620269412138,162,Shooter
1,Palworld,70.72620269412138,162,Role-playing (RPG)
1,Palworld,70.72620269412138,162,Hack and slash/Beat 'em up
1,Palworld,70.72620269412138,162,Adventure
1,Palworld,70.72620269412138,162,Indie
2,7 Days to Die,54.10697216625002,141,Shooter
2,7 Days to Die,54.10697216625002,141,Role-playing (RPG)
2,7 Days to Die,54.10697216625002,141,Simulator
2,7 Days to Die,54.10697216625002,141,Strategy
2,7 Days to Die,54.10697216625002,141,Adventure
2,7 Days to Die,54.10697216625002,141,Indie
3,Satisfactory,74.77459600398358,110,Simulator
3,Satisfactory,74.77459600398358,110,Strategy
3,Satisfactory,74.77459600398358,110,Adventure
3,Satisfactory,74.77459600398358,110,Indie
4,Project Zomboid,82.13136103484771,106,Role-playing (RPG)
4,Project Zomboid,82.13136103484771,106,Simulator
4,Project Zomboid,82.13136103484771,106,Indie
5,Phasmophobia,67.05807817202759,105,Puzzle
5,Phasmophobia,67.05807817202759,105,Tactical
5,Phasmophobia,67.05807817202759,105,Indie
6,Lethal Company,75.68037227597047,84,Indie
7,VRChat,71.80128774997415,44,Simulator
7,VRChat,71.80128774997415,44,Adventure
8,BeamNG.drive,77.17831779679061,44,Racing
8,BeamNG.drive,77.17831779679061,44,Simulator
9,Stranded Deep,62.31472127945786,44,Simulator
9,Stranded Deep,62.31472127945786,44,Adventure
9,Stranded Deep,62.31472127945786,44,Indie
10,Supermarket Simulator,60.64081972611066,42,Simulator
10,Supermarket Simulator,60.64081972611066,42,Strategy
10,Supermarket Simulator,60.64081972611066,42,Indie
11,Realm Royale Reforged,69.13286242859982,38,Shooter
11,Realm Royale Reforged,69.13286242859982,38,Adventure
12,Green Hell,84.93378901747568,38,Simulator
12,Green Hell,84.93378901747568,38,Strategy
12,Green Hell,84.93378901747568,38,Adventure
12,Green Hell,84.93378901747568,38,Indie
13,WorldBox: God Simulator,64.55591786211168,36,Role-playing (RPG)
13,WorldBox: God Simulator,64.55591786211168,36,Simulator
13,WorldBox: God Simulator,64.55591786211168,36,Indie
14,Ultrakill,85.29712890792595,35,Shooter
14,Ultrakill,85.29712890792595,35,Platform
14,Ultrakill,85.29712890792595,35,Indie
14,Ultrakill,85.29712890792595,35,Arcade
15,My Summer Car,70.096623595826,34,Racing
15,My Summer Car,70.096623595826,34,Simulator
15,My Summer Car,70.096623595826,34,Sport
15,My Summer Car,70.096623595826,34,Indie
16,V Rising,84.82082498695354,33,Role-playing (RPG)
16,V Rising,84.82082498695354,33,Adventure
17,Dark and Darker,72.08843031971311,29,Shooter
17,Dark and Darker,72.08843031971311,29,Role-playing (RPG)
17,Dark and Darker,72.08843031971311,29,Tactical
17,Dark and Darker,72.08843031971311,29,Adventure
18,BattleBit Remastered,70.37900501439468,29,Shooter
18,BattleBit Remastered,70.37900501439468,29,Simulator
18,BattleBit Remastered,70.37900501439468,29,Tactical
18,BattleBit Remastered,70.37900501439468,29,Indie
19,Dyson Sphere Program,80.76003534170542,28,Simulator
19,Dyson Sphere Program,80.76003534170542,28,Strategy
19,Dyson Sphere Program,80.76003534170542,28,Indie
20,Sons of the Forest,73.22119719999064,26,Simulator
20,Sons of the Forest,73.22119719999064,26,Adventure
20,Sons of the Forest,73.22119719999064,26,Indie
21,Project: Gorgon,76.94138297165841,26,Role-playing (RPG)
21,Project: Gorgon,76.94138297165841,26,Indie
22,Universe Sandbox,81.69742305725927,26,Simulator
22,Universe Sandbox,81.69742305725927,26,Indie
23,Enshrouded,78.50799614430261,23,Role-playing (RPG)
23,Enshrouded,78.50799614430261,23,Adventure
24,NFUT Cards,94.78260869565217,23,Simulator
24,NFUT Cards,94.78260869565217,23,Sport
24,NFUT Cards,94.78260869565217,23,Strategy
24,NFUT Cards,94.78260869565217,23,Card & Board Game
25,Super Animal Royale,64.93824809812908,23,Shooter
25,Super Animal Royale,64.93824809812908,23,Adventure
25,Super Animal Royale,64.93824809812908,23,Indie
25,Super Animal Royale,64.93824809812908,23,Arcade
26,The Isle,85.33971479400523,22,Fighting
26,The Isle,85.33971479400523,22,Shooter
26,The Isle,85.33971479400523,22,Role-playing (RPG)
26,The Isle,85.33971479400523,22,Simulator
26,The Isle,85.33971479400523,22,Strategy
26,The Isle,85.33971479400523,22,Adventure
26,The Isle,85.33971479400523,22,Indie
27,Scum,80.57581155171133,21,Adventure
27,Scum,80.57581155171133,21,Indie
28,Halls of Torment,92.86473056290106,20,Role-playing (RPG)
28,Halls of Torment,92.86473056290106,20,Indie
29,Scrap Mechanic,61.0747967827588,20,Simulator
29,Scrap Mechanic,61.0747967827588,20,Adventure
29,Scrap Mechanic,61.0747967827588,20,Indie
30,Godus,67.97408455851384,20,Point-and-click
30,Godus,67.97408455851384,20,Real Time Strategy (RTS)
30,Godus,67.97408455851384,20,Simulator
30,Godus,67.97408455851384,20,Strategy
30,Godus,67.97408455851384,20,Indie
31,Paint the Town Red,69.5224030992534,19,Shooter
31,Paint the Town Red,69.5224030992534,19,Role-playing (RPG)
31,Paint the Town Red,69.5224030992534,19,Adventure
31,Paint the Town Red,69.5224030992534,19,Indie
31,Paint the Town Red,69.5224030992534,19,Arcade
32,Men of War: Assault Squad 2,77.48181570503874,19,Real Time Strategy (RTS)
32,Men of War: Assault Squad 2,77.48181570503874,19,Simulator
32,Men of War: Assault Squad 2,77.48181570503874,19,Strategy
32,Men of War: Assault Squad 2,77.48181570503874,19,Tactical
33,Farlight 84,24.71957769042393,18,Shooter
33,Farlight 84,24.71957769042393,18,Role-playing (RPG)
33,Farlight 84,24.71957769042393,18,Adventure
33,Farlight 84,24.71957769042393,18,MOBA
34,Dune: Spice Wars,71.25413235094109,16,Real Time Strategy (RTS)
34,Dune: Spice Wars,71.25413235094109,16,Strategy
34,Dune: Spice Wars,71.25413235094109,16,Tactical
35,Friday Night Funkin',77.23533125043632,16,Music
36,Heartbound,87.79783393501805,16,Puzzle
36,Heartbound,87.79783393501805,16,Role-playing (RPG)
36,Heartbound,87.79783393501805,16,Adventure
36,Heartbound,87.79783393501805,16,Indie
37,Stonehearth,74.34340896936035,16,Real Time Strategy (RTS)
37,Stonehearth,74.34340896936035,16,Simulator
37,Stonehearth,74.34340896936035,16,Strategy
37,Stonehearth,74.34340896936035,16,Indie
38,Ruthnar Online,90.36528669470889,15,Point-and-click
38,Ruthnar Online,90.36528669470889,15,Role-playing (RPG)
38,Ruthnar Online,90.36528669470889,15,Indie
39,Crab Champions,62.22104126393624,15,Fighting
39,Crab Champions,62.22104126393624,15,Shooter
39,Crab Champions,62.22104126393624,15,Racing
39,Crab Champions,62.22104126393624,15,Adventure
39,Crab Champions,62.22104126393624,15,Indie
40,Vintage Story,85.84657336754606,15,Indie
41,Software Inc.,79.30190344351979,15,Simulator
41,Software Inc.,79.30190344351979,15,Strategy
41,Software Inc.,79.30190344351979,15,Indie
42,Startup Company,66.0951021929778,15,Simulator
42,Startup Company,66.0951021929778,15,Strategy
42,Startup Company,66.0951021929778,15,Indie
43,A Twisted Path To Renown,93.30718954248367,14,Shooter
43,A Twisted Path To Renown,93.30718954248367,14,Role-playing (RPG)
43,A Twisted Path To Renown,93.30718954248367,14,Simulator
44,Deep Rock Galactic: Survivor,77.30653437646535,14,Adventure
45,Stream Racer,84.76923076923077,14,Racing
45,Stream Racer,84.76923076923077,14,Simulator
46,Everspace 2,73.33999603357731,14,Shooter
46,Everspace 2,73.33999603357731,14,Role-playing (RPG)
46,Everspace 2,73.33999603357731,14,Simulator
46,Everspace 2,73.33999603357731,14,Adventure
46,Everspace 2,73.33999603357731,14,Indie
47,Rustler,65.5853557741938,14,Shooter
47,Rustler,65.5853557741938,14,Racing
47,Rustler,65.5853557741938,14,Role-playing (RPG)
47,Rustler,65.5853557741938,14,Adventure
47,Rustler,65.5853557741938,14,Indie
48,Aimlabs,70.29421912212247,14,Shooter
48,Aimlabs,70.29421912212247,14,Simulator
48,Aimlabs,70.29421912212247,14,Indie
49,Mashinky,89.48685336772036,14,Simulator
49,Mashinky,89.48685336772036,14,Strategy
49,Mashinky,89.48685336772036,14,Indie
50,Shark Dating Simulator XL,57.69230769230769,14,Role-playing (RPG)
50,Shark Dating Simulator XL,57.69230769230769,14,Simulator
50,Shark Dating Simulator XL,57.69230769230769,14,Adventure
50,Shark Dating Simulator XL,57.69230769230769,14,Indie
51,Stoneshard,76.92554119475231,14,Role-playing (RPG)
51,Stoneshard,76.92554119475231,14,Strategy
51,Stoneshard,76.92554119475231,14,Turn-based strategy (TBS)
51,Stoneshard,76.92554119475231,14,Tactical
51,Stoneshard,76.92554119475231,14,Adventure
51,Stoneshard,76.92554119475231,14,Indie
52,Caves of Qud,82.4420545025512,14,Role-playing (RPG)
52,Caves of Qud,82.4420545025512,14,Simulator
52,Caves of Qud,82.4420545025512,14,Strategy
52,Caves of Qud,82.4420545025512,14,Turn-based strategy (TBS)
52,Caves of Qud,82.4420545025512,14,Adventure
52,Caves of Qud,82.4420545025512,14,Indie
53,Surviving the Aftermath,57.49151311423476,13,Simulator
53,Surviving the Aftermath,57.49151311423476,13,Strategy
54,Skater XL,71.959770803452,13,Simulator
54,Skater XL,71.959770803452,13,Sport
54,Skater XL,71.959770803452,13,Indie
55,Beast Battle Simulator,96.41172265904217,13,Role-playing (RPG)
55,Beast Battle Simulator,96.41172265904217,13,Simulator
55,Beast Battle Simulator,96.41172265904217,13,Sport
55,Beast Battle Simulator,96.41172265904217,13,Strategy
55,Beast Battle Simulator,96.41172265904217,13,Indie
56,Colony Survival,80.18728587470066,13,Simulator
56,Colony Survival,80.18728587470066,13,Strategy
56,Colony Survival,80.18728587470066,13,Adventure
56,Colony Survival,80.18728587470066,13,Indie
57,Exanima,79.92067603935372,13,Role-playing (RPG)
57,Exanima,79.92067603935372,13,Simulator
57,Exanima,79.92067603935372,13,Adventure
57,Exanima,79.92067603935372,13,Indie
58,Core Keeper,60.7937433820678,12,Role-playing (RPG)
58,Core Keeper,60.7937433820678,12,Adventure
58,Core Keeper,60.7937433820678,12,Indie
59,The Vagrant,85.76387143650447,12,Role-playing (RPG)
59,The Vagrant,85.76387143650447,12,Adventure
59,The Vagrant,85.76387143650447,12,Indie
60,Earthfall,62.00689680303385,12,Shooter
60,Earthfall,62.00689680303385,12,Adventure
61,SpaceEngine,89.92809987401883,12,Simulator
61,SpaceEngine,89.92809987401883,12,Indie
62,Gloam,92.5925925925926,11,Indie
62,Gloam,92.5925925925926,11,Arcade
63,We Went Back,59.37043486935174,11,Puzzle
63,We Went Back,59.37043486935174,11,Adventure
63,We Went Back,59.37043486935174,11,Indie
64,Eco,91.56719640004408,11,Simulator
64,Eco,91.56719640004408,11,Adventure
64,Eco,91.56719640004408,11,Indie
65,AdVenture Communist,59.89794158321573,11,Simulator
65,AdVenture Communist,59.89794158321573,11,Strategy
65,AdVenture Communist,59.89794158321573,11,Indie
66,Another Brick in the Mall,66.85778470329305,11,Simulator
66,Another Brick in the Mall,66.85778470329305,11,Strategy
66,Another Brick in the Mall,66.85778470329305,11,Indie
67,Pavlov VR,80.6610844584933,11,Shooter
67,Pavlov VR,80.6610844584933,11,Indie
68,Vainglory,69.93801827775835,11,MOBA
69,Suck Up!,81.21951219512195,10,Role-playing (RPG)
69,Suck Up!,81.21951219512195,10,Indie
70,Death Must Die,79.99721216906516,10,Role-playing (RPG)
70,Death Must Die,79.99721216906516,10,Indie
71,Supremacy: The Metaverse Game,87.84260515603799,10,Fighting
71,Supremacy: The Metaverse Game,87.84260515603799,10,Real Time Strategy (RTS)
71,Supremacy: The Metaverse Game,87.84260515603799,10,Simulator
71,Supremacy: The Metaverse Game,87.84260515603799,10,Strategy
71,Supremacy: The Metaverse Game,87.84260515603799,10,Tactical
72,Coral Island,75.64660493827161,10,Role-playing (RPG)
72,Coral Island,75.64660493827161,10,Simulator
72,Coral Island,75.64660493827161,10,Strategy
72,Coral Island,75.64660493827161,10,Adventure
72,Coral Island,75.64660493827161,10,Indie
73,Peglin,86.15768958222841,10,Puzzle
73,Peglin,86.15768958222841,10,Strategy
73,Peglin,86.15768958222841,10,Indie
73,Peglin,86.15768958222841,10,Arcade
74,Havocado,77.0,10,Indie
75,Blade & Sorcery,80.05454161613338,10,Role-playing (RPG)
75,Blade & Sorcery,80.05454161613338,10,Simulator
75,Blade & Sorcery,80.05454161613338,10,Adventure
75,Blade & Sorcery,80.05454161613338,10,Indie
76,"Good Pizza, Great Pizza",64.25620110828709,10,Simulator
76,"Good Pizza, Great Pizza",64.25620110828709,10,Strategy
76,"Good Pizza, Great Pizza",64.25620110828709,10,Indie
76,"Good Pizza, Great Pizza",64.25620110828709,10,Arcade
77,Ravenfield,70.95404021222224,10,Shooter
77,Ravenfield,70.95404021222224,10,Indie
78,Passpartout: The Starving Artist,59.94069549359882,10,Simulator
78,Passpartout: The Starving Artist,59.94069549359882,10,Adventure
78,Passpartout: The Starving Artist,59.94069549359882,10,Indie
79,Serious Sam Classics: Revolution,87.61706494111856,10,Shooter
79,Serious Sam Classics: Revolution,87.61706494111856,10,Indie
80,Who's Your Daddy,43.32214964721245,10,Simulator
80,Who's Your Daddy,43.32214964721245,10,Indie
81,No Rest for the Wicked,79.96556164465606,9,Role-playing (RPG)
81,No Rest for the Wicked,79.96556164465606,9,Strategy
82,Slime Rancher 2,65.9702479338843,9,Shooter
82,Slime Rancher 2,65.9702479338843,9,Simulator
82,Slime Rancher 2,65.9702479338843,9,Adventure
82,Slime Rancher 2,65.9702479338843,9,Indie
83,Seen,54.26400260464785,9,Platform
83,Seen,54.26400260464785,9,Puzzle
83,Seen,54.26400260464785,9,Adventure
83,Seen,54.26400260464785,9,Indie
84,Russian Fishing 4,68.56625763972927,9,Role-playing (RPG)
84,Russian Fishing 4,68.56625763972927,9,Simulator
84,Russian Fishing 4,68.56625763972927,9,Sport
84,Russian Fishing 4,68.56625763972927,9,Adventure
85,Rico,53.13678278816184,9,Shooter
85,Rico,53.13678278816184,9,Indie
85,Rico,53.13678278816184,9,Arcade
86,Savage Lands,59.61447578996194,9,Role-playing (RPG)
86,Savage Lands,59.61447578996194,9,Adventure
86,Savage Lands,59.61447578996194,9,Indie
87,The Universim,65.72087908908081,9,Simulator
87,The Universim,65.72087908908081,9,Strategy
87,The Universim,65.72087908908081,9,Indie
88,Hades II,85.0754897653551,8,Role-playing (RPG)
88,Hades II,85.0754897653551,8,Adventure
88,Hades II,85.0754897653551,8,Indie
89,Big Time,87.05882352941175,8,Role-playing (RPG)
89,Big Time,87.05882352941175,8,Adventure
90,Achilles: Legends Untold,57.53421887637653,8,Role-playing (RPG)
90,Achilles: Legends Untold,57.53421887637653,8,Hack and slash/Beat 'em up
90,Achilles: Legends Untold,57.53421887637653,8,Indie
91,Second Extinction,72.61604711117297,8,Shooter
92,Craftopia,71.79325842696629,8,Role-playing (RPG)
92,Craftopia,71.79325842696629,8,Hack and slash/Beat 'em up
92,Craftopia,71.79325842696629,8,Adventure
92,Craftopia,71.79325842696629,8,Indie
93,Dinkum,83.38946077023459,8,Role-playing (RPG)
93,Dinkum,83.38946077023459,8,Simulator
93,Dinkum,83.38946077023459,8,Indie
94,Foundation,63.68350171809344,8,Simulator
94,Foundation,63.68350171809344,8,Strategy
94,Foundation,63.68350171809344,8,Indie
95,Nova Drift,39.54285714285714,8,Indie
95,Nova Drift,39.54285714285714,8,Arcade
96,Academia: School Simulator,69.81034505672702,8,Simulator
96,Academia: School Simulator,69.81034505672702,8,Strategy
96,Academia: School Simulator,69.81034505672702,8,Indie
97,Staxel,54.56949609190651,8,Role-playing (RPG)
97,Staxel,54.56949609190651,8,Simulator
97,Staxel,54.56949609190651,8,Indie
98,Oriental Empires,53.375,8,Simulator
98,Oriental Empires,53.375,8,Strategy
98,Oriental Empires,53.375,8,Indie
99,ARK: Survival of the Fittest,14.66815512119835,8,Shooter
99,ARK: Survival of the Fittest,14.66815512119835,8,Role-playing (RPG)
99,ARK: Survival of the Fittest,14.66815512119835,8,Strategy
99,ARK: Survival of the Fittest,14.66815512119835,8,Adventure
99,ARK: Survival of the Fittest,14.66815512119835,8,Indie
100,Echo of Soul,56.72286707808303,8,Role-playing (RPG)
101,Riot: Civil Unrest,50.91514610670846,8,Simulator
101,Riot: Civil Unrest,50.91514610670846,8,Strategy
101,Riot: Civil Unrest,50.91514610670846,8,Indie
102,Overpower,70.17241379310346,8,Role-playing (RPG)
102,Overpower,70.17241379310346,8,Indie
103,Labyrinth,81.04545454545453,8,Role-playing (RPG)
103,Labyrinth,81.04545454545453,8,Strategy
103,Labyrinth,81.04545454545453,8,Indie
104,Dead Effect 2,54.32579989842559,8,Shooter
104,Dead Effect 2,54.32579989842559,8,Role-playing (RPG)
104,Dead Effect 2,54.32579989842559,8,Indie
105,The Guild 3,59.3083623245374,8,Role-playing (RPG)
105,The Guild 3,59.3083623245374,8,Simulator
105,The Guild 3,59.3083623245374,8,Strategy
106,Interstellar Marines,39.70762760263374,8,Shooter
106,Interstellar Marines,39.70762760263374,8,Role-playing (RPG)
106,Interstellar Marines,39.70762760263374,8,Simulator
106,Interstellar Marines,39.70762760263374,8,Tactical
106,Interstellar Marines,39.70762760263374,8,Indie
107,The Coffin of Andy and Leyley,74.32765544938374,7,Role-playing (RPG)
107,The Coffin of Andy and Leyley,74.32765544938374,7,Adventure
107,The Coffin of Andy and Leyley,74.32765544938374,7,Visual Novel
108,Soulstone Survivors,74.81166094561975,7,Role-playing (RPG)
108,Soulstone Survivors,74.81166094561975,7,Hack and slash/Beat 'em up
108,Soulstone Survivors,74.81166094561975,7,Indie
108,Soulstone Survivors,74.81166094561975,7,Arcade
109,Lightyear Frontier,34.60674157303371,7,Simulator
109,Lightyear Frontier,34.60674157303371,7,Adventure
109,Lightyear Frontier,34.60674157303371,7,Indie
110,Age of Darkness: Final Stand,70.80317539589043,7,Real Time Strategy (RTS)
110,Age of Darkness: Final Stand,70.80317539589043,7,Strategy
111,Mad Games Tycoon 2,71.13177779651197,7,Simulator
111,Mad Games Tycoon 2,71.13177779651197,7,Strategy
111,Mad Games Tycoon 2,71.13177779651197,7,Indie
112,Foundry,86.20689655172414,7,Simulator
112,Foundry,86.20689655172414,7,Strategy
112,Foundry,86.20689655172414,7,Indie
113,Tiny Bunny,71.41721795289932,7,Adventure
113,Tiny Bunny,71.41721795289932,7,Indie
113,Tiny Bunny,71.41721795289932,7,Visual Novel
114,Timberborn,71.91697415473745,7,Simulator
114,Timberborn,71.91697415473745,7,Strategy
114,Timberborn,71.91697415473745,7,Indie
115,Atlas,58.89921777576238,7,Role-playing (RPG)
115,Atlas,58.89921777576238,7,Adventure
116,Torque Drift,90.0,7,Racing
116,Torque Drift,90.0,7,Sport
117,Legion TD 2,51.16048146568269,7,Real Time Strategy (RTS)
117,Legion TD 2,51.16048146568269,7,Strategy
117,Legion TD 2,51.16048146568269,7,Indie
118,Infinite Minigolf,62.66666666666666,7,Simulator
118,Infinite Minigolf,62.66666666666666,7,Sport
118,Infinite Minigolf,62.66666666666666,7,Indie
118,Infinite Minigolf,62.66666666666666,7,Arcade
119,Stationeers,95.20050654284509,7,Simulator
119,Stationeers,95.20050654284509,7,Indie
120,Death Trash,68.52367872511509,7,Role-playing (RPG)
120,Death Trash,68.52367872511509,7,Adventure
120,Death Trash,68.52367872511509,7,Indie
121,Grav,56.24543788632251,7,Shooter
121,Grav,56.24543788632251,7,Role-playing (RPG)
121,Grav,56.24543788632251,7,Adventure
121,Grav,56.24543788632251,7,Indie
122,Blockade 3D,59.81505490544451,7,Shooter
123,Of Guards and Thieves,58.56139364990166,7,Racing
123,Of Guards and Thieves,58.56139364990166,7,Strategy
123,Of Guards and Thieves,58.56139364990166,7,Indie
124,Between Me and the Night,77.27534502733315,7,Adventure
124,Between Me and the Night,77.27534502733315,7,Indie
125,Project: Playtime,53.33333333333333,6,Indie
126,Yet Another Zombie Survivors,80.01239517362927,6,Role-playing (RPG)
126,Yet Another Zombie Survivors,80.01239517362927,6,Indie
127,Shatterline,79.82540790582537,6,Shooter
128,The Anacrusis,53.60345222633449,6,Shooter
128,The Anacrusis,53.60345222633449,6,Adventure
128,The Anacrusis,53.60345222633449,6,Indie
129,Farthest Frontier,79.98012175425518,6,Simulator
129,Farthest Frontier,79.98012175425518,6,Strategy
129,Farthest Frontier,79.98012175425518,6,Indie
130,All Over,83.33333333333334,6,Puzzle
130,All Over,83.33333333333334,6,Role-playing (RPG)
130,All Over,83.33333333333334,6,Adventure
130,All Over,83.33333333333334,6,Indie
131,Orbital Bullet,70.42121316700332,6,Shooter
131,Orbital Bullet,70.42121316700332,6,Platform
131,Orbital Bullet,70.42121316700332,6,Hack and slash/Beat 'em up
131,Orbital Bullet,70.42121316700332,6,Adventure
131,Orbital Bullet,70.42121316700332,6,Indie
131,Orbital Bullet,70.42121316700332,6,Arcade
132,Firestone Idle RPG,47.06422018348624,6,Role-playing (RPG)
132,Firestone Idle RPG,47.06422018348624,6,Simulator
132,Firestone Idle RPG,47.06422018348624,6,Adventure
132,Firestone Idle RPG,47.06422018348624,6,Indie
133,Trials of Fire,75.83333333333334,6,Role-playing (RPG)
133,Trials of Fire,75.83333333333334,6,Strategy
133,Trials of Fire,75.83333333333334,6,Indie
134,War Selection,62.2308979364194,6,Strategy
134,War Selection,62.2308979364194,6,Indie
135,Deeeer Simulator,62.07143660752438,6,Simulator
135,Deeeer Simulator,62.07143660752438,6,Indie
136,Workers & Resources: Soviet Republic,68.50416764302213,6,Simulator
136,Workers & Resources: Soviet Republic,68.50416764302213,6,Strategy
136,Workers & Resources: Soviet Republic,68.50416764302213,6,Indie
137,Half-Life: Uplink,70.08421892086201,6,Shooter
138,Maximum Action,63.80596290181607,6,Shooter
138,Maximum Action,63.80596290181607,6,Indie
139,Pandemic: The Board Game,61.13560829183328,6,Simulator
139,Pandemic: The Board Game,61.13560829183328,6,Strategy
140,PixArk,71.30528907377536,6,Shooter
140,PixArk,71.30528907377536,6,Role-playing (RPG)
140,PixArk,71.30528907377536,6,Strategy
140,PixArk,71.30528907377536,6,Adventure
141,Gene Shift Auto,69.95083232193197,6,Shooter
141,Gene Shift Auto,69.95083232193197,6,Role-playing (RPG)
141,Gene Shift Auto,69.95083232193197,6,Adventure
141,Gene Shift Auto,69.95083232193197,6,Indie
142,Demonologist,55.71428571428571,5,Puzzle
142,Demonologist,55.71428571428571,5,Simulator
142,Demonologist,55.71428571428571,5,Adventure
142,Demonologist,55.71428571428571,5,Indie
143,Nightingale,61.34468910123252,5,Role-playing (RPG)
143,Nightingale,61.34468910123252,5,Adventure
144,Turing Complete,83.37078651685394,5,Puzzle
144,Turing Complete,83.37078651685394,5,Simulator
145,Dominion,90.07874015748031,5,Strategy
145,Dominion,90.07874015748031,5,Card & Board Game
146,Anvil Saga,67.72131316470231,5,Role-playing (RPG)
146,Anvil Saga,67.72131316470231,5,Simulator
146,Anvil Saga,67.72131316470231,5,Indie
147,IdleOn: The Idle MMO,60.14821496751836,5,Point-and-click
147,IdleOn: The Idle MMO,60.14821496751836,5,Role-playing (RPG)
147,IdleOn: The Idle MMO,60.14821496751836,5,Simulator
147,IdleOn: The Idle MMO,60.14821496751836,5,Strategy
147,IdleOn: The Idle MMO,60.14821496751836,5,Indie
148,Population: One,96.0,5,Shooter
148,Population: One,96.0,5,Arcade
149,Manor Lords,70.82163789842319,5,Real Time Strategy (RTS)
149,Manor Lords,70.82163789842319,5,Strategy
150,Hokko Life,43.0,5,Role-playing (RPG)
150,Hokko Life,43.0,5,Simulator
150,Hokko Life,43.0,5,Adventure
150,Hokko Life,43.0,5,Indie
151,Hunter's Arena: Legends,51.0809954501272,5,Role-playing (RPG)
151,Hunter's Arena: Legends,51.0809954501272,5,Strategy
151,Hunter's Arena: Legends,51.0809954501272,5,Adventure
152,Going Medieval,61.75159575149583,5,Role-playing (RPG)
152,Going Medieval,61.75159575149583,5,Simulator
152,Going Medieval,61.75159575149583,5,Strategy
152,Going Medieval,61.75159575149583,5,Indie
153,Dungeon of Dragon Knight,46.62921348314606,5,Role-playing (RPG)
153,Dungeon of Dragon Knight,46.62921348314606,5,Strategy
153,Dungeon of Dragon Knight,46.62921348314606,5,Adventure
153,Dungeon of Dragon Knight,46.62921348314606,5,Indie
154,Size Matters,50.84093736992634,5,Racing
154,Size Matters,50.84093736992634,5,Simulator
154,Size Matters,50.84093736992634,5,Adventure
154,Size Matters,50.84093736992634,5,Indie
155,Drunken Wrestlers 2,76.0,5,Simulator
155,Drunken Wrestlers 2,76.0,5,Sport
155,Drunken Wrestlers 2,76.0,5,Indie
156,Vegas Infinite by PokerStars,88.0,5,Strategy
156,Vegas Infinite by PokerStars,88.0,5,Card & Board Game
157,Scarf,66.4,5,Platform
157,Scarf,66.4,5,Role-playing (RPG)
157,Scarf,66.4,5,Strategy
157,Scarf,66.4,5,Adventure
157,Scarf,66.4,5,Indie
158,Among Trees,69.54784831221782,5,Simulator
158,Among Trees,69.54784831221782,5,Adventure
158,Among Trees,69.54784831221782,5,Indie
159,Space Haven,63.80323791759334,5,Role-playing (RPG)
159,Space Haven,63.80323791759334,5,Simulator
159,Space Haven,63.80323791759334,5,Strategy
159,Space Haven,63.80323791759334,5,Indie
160,Headsnatchers,47.78376298576376,5,Sport
160,Headsnatchers,47.78376298576376,5,Indie
161,The Lord of the Rings: Adventure Card Game,68.92047568695789,5,Role-playing (RPG)
161,The Lord of the Rings: Adventure Card Game,68.92047568695789,5,Strategy
161,The Lord of the Rings: Adventure Card Game,68.92047568695789,5,Turn-based strategy (TBS)
161,The Lord of the Rings: Adventure Card Game,68.92047568695789,5,Adventure
161,The Lord of the Rings: Adventure Card Game,68.92047568695789,5,Card & Board Game
162,Witchfire,49.69721893740783,5,Shooter
162,Witchfire,49.69721893740783,5,Adventure
163,Computer Tycoon,68.4416367775665,5,Simulator
163,Computer Tycoon,68.4416367775665,5,Strategy
163,Computer Tycoon,68.4416367775665,5,Indie
164,Desolate,76.41030041246324,5,Role-playing (RPG)
164,Desolate,76.41030041246324,5,Adventure
164,Desolate,76.41030041246324,5,Indie
165,Bio Inc. Redemption,70.0,5,Puzzle
165,Bio Inc. Redemption,70.0,5,Simulator
165,Bio Inc. Redemption,70.0,5,Strategy
165,Bio Inc. Redemption,70.0,5,Indie
166,AdventureQuest 3D,63.14621339834339,5,Role-playing (RPG)
166,AdventureQuest 3D,63.14621339834339,5,Adventure
166,AdventureQuest 3D,63.14621339834339,5,Indie
167,Paranormal Activity: The Lost Soul,69.02774897875744,5,Role-playing (RPG)
167,Paranormal Activity: The Lost Soul,69.02774897875744,5,Adventure
168,Tower Unite,80.81601636208076,5,Racing
168,Tower Unite,80.81601636208076,5,Adventure
168,Tower Unite,80.81601636208076,5,Indie
168,Tower Unite,80.81601636208076,5,Arcade
169,WWII Online,72.5,5,Shooter
169,WWII Online,72.5,5,Role-playing (RPG)
169,WWII Online,72.5,5,Simulator
169,WWII Online,72.5,5,Strategy
169,WWII Online,72.5,5,Indie
170,Chime Sharp,78.16666666666666,5,Music
170,Chime Sharp,78.16666666666666,5,Puzzle
170,Chime Sharp,78.16666666666666,5,Arcade
171,StarCrawlers,70.03088533873589,5,Role-playing (RPG)
171,StarCrawlers,70.03088533873589,5,Adventure
171,StarCrawlers,70.03088533873589,5,Indie
172,Bang-On Balls: Chronicles,80.0,4,Platform
172,Bang-On Balls: Chronicles,80.0,4,Adventure
172,Bang-On Balls: Chronicles,80.0,4,Indie
172,Bang-On Balls: Chronicles,80.0,4,Arcade
173,The Long Drive,60.0,4,Simulator
173,The Long Drive,60.0,4,Adventure
173,The Long Drive,60.0,4,Indie
174,Black Skylands,80.0,4,Shooter
174,Black Skylands,80.0,4,Role-playing (RPG)
174,Black Skylands,80.0,4,Simulator
174,Black Skylands,80.0,4,Adventure
174,Black Skylands,80.0,4,Indie
175,Gamecraft,60.0,4,Simulator
175,Gamecraft,60.0,4,Indie
176,Shortest Trip to Earth,64.83333333333334,4,Real Time Strategy (RTS)
176,Shortest Trip to Earth,64.83333333333334,4,Simulator
176,Shortest Trip to Earth,64.83333333333334,4,Strategy
176,Shortest Trip to Earth,64.83333333333334,4,Adventure
176,Shortest Trip to Earth,64.83333333333334,4,Indie
177,Mist Survival,80.0,4,Simulator
177,Mist Survival,80.0,4,Adventure
177,Mist Survival,80.0,4,Indie
178,Meow Motors,65.5,4,Racing
178,Meow Motors,65.5,4,Indie
178,Meow Motors,65.5,4,Arcade
179,Mars Horizon,80.0,4,Simulator
179,Mars Horizon,80.0,4,Strategy
179,Mars Horizon,80.0,4,Indie
180,The Coin Game,70.0,4,Simulator
180,The Coin Game,70.0,4,Adventure
180,The Coin Game,70.0,4,Indie
181,Chinese Parents,80.0,4,Role-playing (RPG)
181,Chinese Parents,80.0,4,Simulator
181,Chinese Parents,80.0,4,Adventure
181,Chinese Parents,80.0,4,Indie
182,Fault: Elder Orb,50.0,4,Strategy
182,Fault: Elder Orb,50.0,4,MOBA
183,Yorkshire Gubbins,79.0,4,Point-and-click
183,Yorkshire Gubbins,79.0,4,Adventure
183,Yorkshire Gubbins,79.0,4,Indie
184,Rise to Ruins,80.0,4,Simulator
184,Rise to Ruins,80.0,4,Strategy
184,Rise to Ruins,80.0,4,Indie
185,Knockout League,76.0,4,Fighting
185,Knockout League,76.0,4,Sport
185,Knockout League,76.0,4,Adventure
185,Knockout League,76.0,4,Arcade
186,Long Gone Days,72.0,4,Role-playing (RPG)
186,Long Gone Days,72.0,4,Indie
186,Long Gone Days,72.0,4,Visual Novel
187,Guild Quest,60.0,4,Role-playing (RPG)
187,Guild Quest,60.0,4,Simulator
187,Guild Quest,60.0,4,Strategy
187,Guild Quest,60.0,4,Indie
188,Derail Valley,80.0,4,Racing
188,Derail Valley,80.0,4,Simulator
188,Derail Valley,80.0,4,Adventure
188,Derail Valley,80.0,4,Indie
189,Terroir,60.0,4,Simulator
189,Terroir,60.0,4,Strategy
189,Terroir,60.0,4,Indie
190,Pocket Rumble,62.5,4,Fighting
190,Pocket Rumble,62.5,4,Indie
191,Can't Drive This,50.0,4,Racing
191,Can't Drive This,50.0,4,Indie
192,Windscape,66.16666666666667,4,Fighting
192,Windscape,66.16666666666667,4,Puzzle
192,Windscape,66.16666666666667,4,Role-playing (RPG)
192,Windscape,66.16666666666667,4,Adventure
192,Windscape,66.16666666666667,4,Indie
193,Volo Airsport,50.0,4,Racing
193,Volo Airsport,50.0,4,Simulator
193,Volo Airsport,50.0,4,Sport
193,Volo Airsport,50.0,4,Indie
194,Salt,80.0,4,Point-and-click
194,Salt,80.0,4,Puzzle
194,Salt,80.0,4,Role-playing (RPG)
194,Salt,80.0,4,Strategy
194,Salt,80.0,4,Adventure
194,Salt,80.0,4,Indie
195,Automation: The Car Company Tycoon Game,80.0,4,Racing
195,Automation: The Car Company Tycoon Game,80.0,4,Simulator
195,Automation: The Car Company Tycoon Game,80.0,4,Strategy
196,The Way of Life,66.16795317036319,4,Fighting
196,The Way of Life,66.16795317036319,4,Music
196,The Way of Life,66.16795317036319,4,Adventure
196,The Way of Life,66.16795317036319,4,Indie
197,Medieval Engineers,60.0,4,Simulator
197,Medieval Engineers,60.0,4,Strategy
197,Medieval Engineers,60.0,4,Indie
198,Secrets of Grindea,80.0,4,Role-playing (RPG)
198,Secrets of Grindea,80.0,4,Adventure
198,Secrets of Grindea,80.0,4,Indie
199,Realms of Arkania: Star Trail,50.0,4,Role-playing (RPG)
199,Realms of Arkania: Star Trail,50.0,4,Adventure
199,Realms of Arkania: Star Trail,50.0,4,Indie
200,Stranded: Alien Dawn,83.66666666666667,3,Simulator
200,Stranded: Alien Dawn,83.66666666666667,3,Strategy
201,Power Chord,60.0,3,Strategy
201,Power Chord,60.0,3,Turn-based strategy (TBS)
201,Power Chord,60.0,3,Indie
201,Power Chord,60.0,3,Card & Board Game
202,Instruments of Destruction,87.0,3,Simulator
203,Tinker Racers,70.0,3,Racing
203,Tinker Racers,70.0,3,Adventure
203,Tinker Racers,70.0,3,Indie
204,The Political Process,80.0,3,Simulator
204,The Political Process,80.0,3,Strategy
204,The Political Process,80.0,3,Indie
205,10 Miles to Safety,80.0,3,Fighting
205,10 Miles to Safety,80.0,3,Strategy
205,10 Miles to Safety,80.0,3,Indie
206,Hot Shot Burn,70.0,3,Sport
206,Hot Shot Burn,70.0,3,Indie
206,Hot Shot Burn,70.0,3,Arcade
207,Quantum League,71.0,3,Sport
207,Quantum League,71.0,3,Strategy
207,Quantum League,71.0,3,Indie
208,A Year of Rain,50.0,3,Real Time Strategy (RTS)
208,A Year of Rain,50.0,3,Role-playing (RPG)
208,A Year of Rain,50.0,3,Strategy
208,A Year of Rain,50.0,3,Indie
209,Rogue Star Rescue,70.0,3,Shooter
209,Rogue Star Rescue,70.0,3,Role-playing (RPG)
209,Rogue Star Rescue,70.0,3,Strategy
209,Rogue Star Rescue,70.0,3,Adventure
209,Rogue Star Rescue,70.0,3,Indie
210,Blazing Sails,80.0,3,Shooter
210,Blazing Sails,80.0,3,Tactical
210,Blazing Sails,80.0,3,Adventure
210,Blazing Sails,80.0,3,Indie
211,Mystic Vale,75.0,3,Strategy
211,Mystic Vale,75.0,3,Indie
211,Mystic Vale,75.0,3,Card & Board Game
212,Nanotale: Typing Chronicles,65.0,3,Puzzle
212,Nanotale: Typing Chronicles,65.0,3,Role-playing (RPG)
212,Nanotale: Typing Chronicles,65.0,3,Adventure
212,Nanotale: Typing Chronicles,65.0,3,Indie
213,Down to Hell,45.0,3,Fighting
213,Down to Hell,45.0,3,Role-playing (RPG)
213,Down to Hell,45.0,3,Indie
213,Down to Hell,45.0,3,Arcade
214,Tapsonic Bold,25.0,3,Music
214,Tapsonic Bold,25.0,3,Racing
215,Beasts of Bermuda,50.0,3,Simulator
215,Beasts of Bermuda,50.0,3,Adventure
215,Beasts of Bermuda,50.0,3,Indie
216,Rising Hell,70.0,3,Platform
216,Rising Hell,70.0,3,Role-playing (RPG)
216,Rising Hell,70.0,3,Adventure
216,Rising Hell,70.0,3,Indie
217,The Waylanders,60.0,3,Role-playing (RPG)
217,The Waylanders,60.0,3,Strategy
217,The Waylanders,60.0,3,Tactical
217,The Waylanders,60.0,3,Adventure
217,The Waylanders,60.0,3,Indie
218,Factory Town,70.0,3,Simulator
218,Factory Town,70.0,3,Strategy
218,Factory Town,70.0,3,Indie
219,Deadly Days,60.0,3,Shooter
219,Deadly Days,60.0,3,Role-playing (RPG)
219,Deadly Days,60.0,3,Strategy
219,Deadly Days,60.0,3,Indie
219,Deadly Days,60.0,3,Arcade
220,Clicker Heroes 2,60.0,3,Role-playing (RPG)
220,Clicker Heroes 2,60.0,3,Simulator
220,Clicker Heroes 2,60.0,3,Strategy
220,Clicker Heroes 2,60.0,3,Adventure
220,Clicker Heroes 2,60.0,3,Indie
221,Fugl,71.5,3,Role-playing (RPG)
221,Fugl,71.5,3,Simulator
221,Fugl,71.5,3,Adventure
221,Fugl,71.5,3,Indie
222,Intruder,80.0,3,Shooter
222,Intruder,80.0,3,Simulator
222,Intruder,80.0,3,Indie
223,Cogmind,80.0,3,Role-playing (RPG)
223,Cogmind,80.0,3,Strategy
223,Cogmind,80.0,3,Adventure
223,Cogmind,80.0,3,Indie
224,Null Vector,78.5,3,Shooter
224,Null Vector,78.5,3,Indie
225,Broke Protocol: Online City RPG,50.0,3,Role-playing (RPG)
225,Broke Protocol: Online City RPG,50.0,3,Simulator
225,Broke Protocol: Online City RPG,50.0,3,Adventure
225,Broke Protocol: Online City RPG,50.0,3,Indie
226,Guns'n'Stories: Bulletproof VR,71.5,3,Shooter
226,Guns'n'Stories: Bulletproof VR,71.5,3,Simulator
226,Guns'n'Stories: Bulletproof VR,71.5,3,Adventure
226,Guns'n'Stories: Bulletproof VR,71.5,3,Arcade
227,CAT Interstellar,60.0,3,Adventure
227,CAT Interstellar,60.0,3,Indie
228,Head Shot,50.0,3,Adventure
228,Head Shot,50.0,3,Indie
229,UBoat,60.0,3,Simulator
229,UBoat,60.0,3,Strategy
229,UBoat,60.0,3,Tactical
229,UBoat,60.0,3,Indie
230,Atomic Society,70.0,3,Real Time Strategy (RTS)
230,Atomic Society,70.0,3,Simulator
230,Atomic Society,70.0,3,Strategy
231,Pylon: Rogue,62.0,3,Role-playing (RPG)
231,Pylon: Rogue,62.0,3,Indie
232,Onward,80.0,3,Shooter
232,Onward,80.0,3,Simulator
232,Onward,80.0,3,Strategy
232,Onward,80.0,3,Tactical
232,Onward,80.0,3,Indie
233,Quarantine,60.0,3,Shooter
233,Quarantine,60.0,3,Racing
233,Quarantine,60.0,3,Role-playing (RPG)
233,Quarantine,60.0,3,Simulator
233,Quarantine,60.0,3,Strategy
233,Quarantine,60.0,3,Tactical
233,Quarantine,60.0,3,Indie
234,The Spatials: Galactology,70.0,3,Role-playing (RPG)
234,The Spatials: Galactology,70.0,3,Simulator
234,The Spatials: Galactology,70.0,3,Strategy
234,The Spatials: Galactology,70.0,3,Indie
235,Wayward,80.0,3,Role-playing (RPG)
235,Wayward,80.0,3,Simulator
235,Wayward,80.0,3,Adventure
235,Wayward,80.0,3,Indie
236,Dreambreak,51.66666666666666,3,Platform
236,Dreambreak,51.66666666666666,3,Adventure
236,Dreambreak,51.66666666666666,3,Indie
237,Holodrive,79.0,3,Shooter
237,Holodrive,79.0,3,Platform
237,Holodrive,79.0,3,Indie
238,Saurian,60.0,3,Simulator
238,Saurian,60.0,3,Indie
239,Empires of the Undergrowth,80.0,3,Real Time Strategy (RTS)
239,Empires of the Undergrowth,80.0,3,Simulator
239,Empires of the Undergrowth,80.0,3,Strategy
239,Empires of the Undergrowth,80.0,3,Indie
240,Wartile,70.0,3,Role-playing (RPG)
240,Wartile,70.0,3,Strategy
240,Wartile,70.0,3,Tactical
240,Wartile,70.0,3,Adventure
240,Wartile,70.0,3,Indie
240,Wartile,70.0,3,Card & Board Game
241,KeeperRL,80.0,3,Real Time Strategy (RTS)
241,KeeperRL,80.0,3,Role-playing (RPG)
241,KeeperRL,80.0,3,Strategy
242,Project Aura,50.0,3,Simulator
242,Project Aura,50.0,3,Strategy
242,Project Aura,50.0,3,Indie
243,1... 2... 3... Kick It!: Drop That Beat Like an Ugly Baby,40.0,3,Music
243,1... 2... 3... Kick It!: Drop That Beat Like an Ugly Baby,40.0,3,Indie
244,Rising World,80.0,3,Role-playing (RPG)
244,Rising World,80.0,3,Adventure
244,Rising World,80.0,3,Indie
245,Starforge,10.17757790959444,3,Shooter
245,Starforge,10.17757790959444,3,Simulator
245,Starforge,10.17757790959444,3,Adventure
245,Starforge,10.17757790959444,3,Indie
246,Fabledom,83.0,2,Simulator
246,Fabledom,83.0,2,Strategy
247,Kukoos: Lost Pets,61.5,2,Platform
247,Kukoos: Lost Pets,61.5,2,Puzzle
247,Kukoos: Lost Pets,61.5,2,Adventure
247,Kukoos: Lost Pets,61.5,2,Indie
248,GetsuFumaDen: Undying Moon,70.5,2,Hack and slash/Beat 'em up
248,GetsuFumaDen: Undying Moon,70.5,2,Indie
249,Fuzz Force: Spook Squad,70.0,2,Role-playing (RPG)
249,Fuzz Force: Spook Squad,70.0,2,Adventure
249,Fuzz Force: Spook Squad,70.0,2,Card & Board Game
250,Knock on the Coffin Lid,70.0,2,Role-playing (RPG)
250,Knock on the Coffin Lid,70.0,2,Strategy
250,Knock on the Coffin Lid,70.0,2,Turn-based strategy (TBS)
250,Knock on the Coffin Lid,70.0,2,Indie
250,Knock on the Coffin Lid,70.0,2,Card & Board Game
251,Streamer Daily,70.0,2,Simulator
251,Streamer Daily,70.0,2,Strategy
251,Streamer Daily,70.0,2,Adventure
251,Streamer Daily,70.0,2,Indie
252,Soviet Jump Game,80.0,2,Platform
252,Soviet Jump Game,80.0,2,Indie
253,Card Hog,80.0,2,Puzzle
253,Card Hog,80.0,2,Role-playing (RPG)
253,Card Hog,80.0,2,Strategy
253,Card Hog,80.0,2,Turn-based strategy (TBS)
253,Card Hog,80.0,2,Indie
253,Card Hog,80.0,2,Card & Board Game
254,Comanche,60.0,2,Fighting
254,Comanche,60.0,2,Shooter
254,Comanche,60.0,2,Simulator
255,Undying,67.0,2,Role-playing (RPG)
255,Undying,67.0,2,Strategy
255,Undying,67.0,2,Adventure
255,Undying,67.0,2,Indie
256,Killsquad,72.5,2,Role-playing (RPG)
256,Killsquad,72.5,2,Hack and slash/Beat 'em up
256,Killsquad,72.5,2,Indie
256,Killsquad,72.5,2,Arcade
257,Little Witch Nobeta,70.5,2,Shooter
257,Little Witch Nobeta,70.5,2,Indie
258,Ashes of Oahu,50.0,2,Role-playing (RPG)
258,Ashes of Oahu,50.0,2,Indie
259,Timeflow: Time and Money Simulator,50.0,2,Role-playing (RPG)
259,Timeflow: Time and Money Simulator,50.0,2,Simulator
259,Timeflow: Time and Money Simulator,50.0,2,Strategy
259,Timeflow: Time and Money Simulator,50.0,2,Indie
260,Last Oasis,60.0,2,Role-playing (RPG)
260,Last Oasis,60.0,2,Adventure
260,Last Oasis,60.0,2,Indie
261,Odd Realm,70.0,2,Simulator
261,Odd Realm,70.0,2,Strategy
261,Odd Realm,70.0,2,Indie
262,No Time to Relax,70.0,2,Simulator
262,No Time to Relax,70.0,2,Strategy
262,No Time to Relax,70.0,2,Indie
262,No Time to Relax,70.0,2,Card & Board Game
263,Pax Nova,50.0,2,Strategy
263,Pax Nova,50.0,2,Indie
264,XO,70.0,2,Role-playing (RPG)
264,XO,70.0,2,Simulator
264,XO,70.0,2,Strategy
264,XO,70.0,2,Indie
265,Never Breakup,60.0,2,Platform
265,Never Breakup,60.0,2,Racing
265,Never Breakup,60.0,2,Strategy
265,Never Breakup,60.0,2,Adventure
265,Never Breakup,60.0,2,Indie
266,Newfound Courage,70.0,2,Puzzle
266,Newfound Courage,70.0,2,Simulator
266,Newfound Courage,70.0,2,Adventure
266,Newfound Courage,70.0,2,Indie
267,CryoFall,50.0,2,Role-playing (RPG)
267,CryoFall,50.0,2,Simulator
267,CryoFall,50.0,2,Strategy
267,CryoFall,50.0,2,Adventure
267,CryoFall,50.0,2,Indie
268,Godhood,50.0,2,Role-playing (RPG)
268,Godhood,50.0,2,Simulator
268,Godhood,50.0,2,Strategy
269,Dead or School,67.5,2,Role-playing (RPG)
269,Dead or School,67.5,2,Hack and slash/Beat 'em up
269,Dead or School,67.5,2,Indie
270,This Land Is My Land,70.0,2,Role-playing (RPG)
270,This Land Is My Land,70.0,2,Simulator
270,This Land Is My Land,70.0,2,Indie
271,Blast Zone! Tournament,50.0,2,Sport
271,Blast Zone! Tournament,50.0,2,Indie
272,KurtzPel,50.0,2,Fighting
273,Blood Waves,50.0,2,Shooter
273,Blood Waves,50.0,2,Strategy
273,Blood Waves,50.0,2,Indie
274,Forged Battalion,80.0,2,Real Time Strategy (RTS)
274,Forged Battalion,80.0,2,Simulator
274,Forged Battalion,80.0,2,Strategy
274,Forged Battalion,80.0,2,Indie
275,Flotsam,60.0,2,Simulator
275,Flotsam,60.0,2,Strategy
275,Flotsam,60.0,2,Indie
276,Wasted Pizza,50.0,2,Indie
277,Flashing Lights: Police Fire EMS,50.0,2,Simulator
277,Flashing Lights: Police Fire EMS,50.0,2,Indie
278,Witch Hunt,80.0,2,Adventure
278,Witch Hunt,80.0,2,Indie
279,Empires in Ruins,70.0,2,Role-playing (RPG)
279,Empires in Ruins,70.0,2,Simulator
279,Empires in Ruins,70.0,2,Strategy
279,Empires in Ruins,70.0,2,Indie
280,Dog Duty,70.0,2,Shooter
280,Dog Duty,70.0,2,Strategy
280,Dog Duty,70.0,2,Indie
280,Dog Duty,70.0,2,Arcade
281,Operation Warcade VR,72.5,2,Shooter
281,Operation Warcade VR,72.5,2,Simulator
281,Operation Warcade VR,72.5,2,Adventure
281,Operation Warcade VR,72.5,2,Indie
282,Crest,60.0,2,Simulator
282,Crest,60.0,2,Strategy
282,Crest,60.0,2,Adventure
282,Crest,60.0,2,Indie
283,The District,20.0,2,Adventure
283,The District,20.0,2,Indie
284,VR Karts,57.5,2,Racing
284,VR Karts,57.5,2,Indie
284,VR Karts,57.5,2,Arcade
285,Planet Centauri,60.0,2,Role-playing (RPG)
285,Planet Centauri,60.0,2,Adventure
285,Planet Centauri,60.0,2,Indie
286,Gamma Bros,70.0,2,Indie
287,Project Arrhythmia,70.0,2,Adventure
287,Project Arrhythmia,70.0,2,Indie
288,QuiVr,80.0,2,Shooter
288,QuiVr,80.0,2,Simulator
288,QuiVr,80.0,2,Indie
289,Blasters of the Universe,70.0,2,Shooter
289,Blasters of the Universe,70.0,2,Arcade
290,Bombslinger,72.5,2,Fighting
290,Bombslinger,72.5,2,Shooter
290,Bombslinger,72.5,2,Strategy
290,Bombslinger,72.5,2,Adventure
290,Bombslinger,72.5,2,Indie
290,Bombslinger,72.5,2,Arcade
290,Bombslinger,72.5,2,Card & Board Game
291,Star Explorers,50.0,2,Role-playing (RPG)
291,Star Explorers,50.0,2,Simulator
291,Star Explorers,50.0,2,Adventure
291,Star Explorers,50.0,2,Indie
292,Bigfoot,50.0,2,Shooter
292,Bigfoot,50.0,2,Adventure
292,Bigfoot,50.0,2,Indie
293,Drunkn Bar Fight,80.0,2,Fighting
293,Drunkn Bar Fight,80.0,2,Hack and slash/Beat 'em up
293,Drunkn Bar Fight,80.0,2,Indie
293,Drunkn Bar Fight,80.0,2,Arcade
294,Low Magic Age,80.0,2,Role-playing (RPG)
294,Low Magic Age,80.0,2,Strategy
294,Low Magic Age,80.0,2,Turn-based strategy (TBS)
294,Low Magic Age,80.0,2,Tactical
294,Low Magic Age,80.0,2,Adventure
294,Low Magic Age,80.0,2,Indie
295,A-Tech Cybernetic,80.0,2,Indie
296,Production Line,60.0,2,Simulator
296,Production Line,60.0,2,Strategy
296,Production Line,60.0,2,Indie
297,Karnage Chronicles,80.0,2,Role-playing (RPG)
297,Karnage Chronicles,80.0,2,Sport
297,Karnage Chronicles,80.0,2,Adventure
297,Karnage Chronicles,80.0,2,Indie
298,Post Human W.A.R,75.0,2,Strategy
298,Post Human W.A.R,75.0,2,Indie
299,Sailaway,80.0,2,Racing
299,Sailaway,80.0,2,Simulator
299,Sailaway,80.0,2,Sport
299,Sailaway,80.0,2,Indie
300,NITE Team 4,70.0,2,Simulator
300,NITE Team 4,70.0,2,Strategy
300,NITE Team 4,70.0,2,Adventure
300,NITE Team 4,70.0,2,Indie
301,We Need to Go Deeper,80.0,2,Simulator
301,We Need to Go Deeper,80.0,2,Strategy
301,We Need to Go Deeper,80.0,2,Adventure
301,We Need to Go Deeper,80.0,2,Indie
302,BattleCrew: Space Pirates,35.0,2,Indie
303,Spellsworn,80.0,2,Indie
304,Yore VR,50.0,2,Role-playing (RPG)
304,Yore VR,50.0,2,Simulator
304,Yore VR,50.0,2,Adventure
304,Yore VR,50.0,2,Indie
305,Stellar Overload,60.0,2,Role-playing (RPG)
305,Stellar Overload,60.0,2,Adventure
305,Stellar Overload,60.0,2,Indie
306,Timber and Stone,50.0,2,Strategy
306,Timber and Stone,50.0,2,Indie
307,Drift Into Eternity,72.5,2,Adventure
307,Drift Into Eternity,72.5,2,Indie
308,Exoplanet: First Contact,80.0,2,Role-playing (RPG)
308,Exoplanet: First Contact,80.0,2,Indie
309,Feed and Grow: Fish,60.0,2,Simulator
309,Feed and Grow: Fish,60.0,2,Adventure
309,Feed and Grow: Fish,60.0,2,Indie
310,DropZone,75.0,2,Real Time Strategy (RTS)
310,DropZone,75.0,2,Strategy
311,De Mambo,74.0,2,Fighting
311,De Mambo,74.0,2,Platform
311,De Mambo,74.0,2,Indie
312,Super Indie Karts,80.0,2,Racing
312,Super Indie Karts,80.0,2,Sport
312,Super Indie Karts,80.0,2,Indie
313,All Guns on Deck,40.0,2,Real Time Strategy (RTS)
313,All Guns on Deck,40.0,2,Role-playing (RPG)
313,All Guns on Deck,40.0,2,Simulator
313,All Guns on Deck,40.0,2,Strategy
313,All Guns on Deck,40.0,2,Adventure
313,All Guns on Deck,40.0,2,Indie
314,Wild Warfare,70.0,2,Indie
315,Elea,70.0,2,Puzzle
315,Elea,70.0,2,Adventure
315,Elea,70.0,2,Indie
316,Kingdoms Rise,50.0,2,Role-playing (RPG)
316,Kingdoms Rise,50.0,2,Indie
317,Bombernauts,80.0,2,Indie
318,Folk Tale,50.0,2,Role-playing (RPG)
318,Folk Tale,50.0,2,Simulator
318,Folk Tale,50.0,2,Strategy
318,Folk Tale,50.0,2,Adventure
318,Folk Tale,50.0,2,Indie
319,Gabe Newell Simulator,50.0,2,Shooter
319,Gabe Newell Simulator,50.0,2,Simulator
319,Gabe Newell Simulator,50.0,2,Adventure
319,Gabe Newell Simulator,50.0,2,Indie
320,Subaeria,57.5,2,Puzzle
320,Subaeria,57.5,2,Adventure
320,Subaeria,57.5,2,Indie
321,Dispatcher,40.0,2,Role-playing (RPG)
321,Dispatcher,40.0,2,Adventure
321,Dispatcher,40.0,2,Indie
322,Rodina,80.0,2,Indie
323,Starmade,60.0,2,Shooter
323,Starmade,60.0,2,Role-playing (RPG)
323,Starmade,60.0,2,Simulator
323,Starmade,60.0,2,Strategy
323,Starmade,60.0,2,Adventure
323,Starmade,60.0,2,Indie
324,Block Story,50.0,2,Puzzle
324,Block Story,50.0,2,Role-playing (RPG)
324,Block Story,50.0,2,Adventure
324,Block Story,50.0,2,Indie
325,Prismata,70.0,2,Real Time Strategy (RTS)
325,Prismata,70.0,2,Simulator
325,Prismata,70.0,2,Strategy
325,Prismata,70.0,2,Turn-based strategy (TBS)
325,Prismata,70.0,2,Indie
325,Prismata,70.0,2,Card & Board Game
326,Soulslinger: Envoy of Death,92.0,1,Shooter
326,Soulslinger: Envoy of Death,92.0,1,Adventure
326,Soulslinger: Envoy of Death,92.0,1,Indie
327,New Star GP,80.0,1,Racing
327,New Star GP,80.0,1,Simulator
327,New Star GP,80.0,1,Sport
327,New Star GP,80.0,1,Indie
327,New Star GP,80.0,1,Arcade
328,Forgive Me Father 2,70.0,1,Shooter
328,Forgive Me Father 2,70.0,1,Indie
329,Go-Go Town!,85.0,1,Simulator
329,Go-Go Town!,85.0,1,Indie
330,Trinity Fusion,85.0,1,Fighting
330,Trinity Fusion,85.0,1,Platform
330,Trinity Fusion,85.0,1,Role-playing (RPG)
330,Trinity Fusion,85.0,1,Indie
331,Voltaire: The Vegan Vampire,60.0,1,Role-playing (RPG)
331,Voltaire: The Vegan Vampire,60.0,1,Simulator
331,Voltaire: The Vegan Vampire,60.0,1,Indie
332,Arto,35.0,1,Role-playing (RPG)
332,Arto,35.0,1,Adventure
332,Arto,35.0,1,Indie
333,MythForce,65.0,1,Role-playing (RPG)
333,MythForce,65.0,1,Adventure
334,Spiritfall,66.0,1,Fighting
334,Spiritfall,66.0,1,Platform
334,Spiritfall,66.0,1,Role-playing (RPG)
334,Spiritfall,66.0,1,Hack and slash/Beat 'em up
335,Sker Ritual,60.0,1,Shooter
335,Sker Ritual,60.0,1,Indie
336,Lovecraft's Untold Stories 2,40.0,1,Role-playing (RPG)
336,Lovecraft's Untold Stories 2,40.0,1,Indie
337,Thy Creature,90.0,1,Shooter
337,Thy Creature,90.0,1,Puzzle
337,Thy Creature,90.0,1,Adventure
337,Thy Creature,90.0,1,Indie
338,Oaken,65.0,1,Puzzle
338,Oaken,65.0,1,Strategy
338,Oaken,65.0,1,Turn-based strategy (TBS)
338,Oaken,65.0,1,Adventure
338,Oaken,65.0,1,Indie
338,Oaken,65.0,1,Card & Board Game
339,Dread Delusion,73.0,1,Role-playing (RPG)
339,Dread Delusion,73.0,1,Adventure
339,Dread Delusion,73.0,1,Indie
340,Mortal Sin,81.0,1,Role-playing (RPG)
340,Mortal Sin,81.0,1,Hack and slash/Beat 'em up
340,Mortal Sin,81.0,1,Adventure
340,Mortal Sin,81.0,1,Indie
341,Ember Knights,85.0,1,Role-playing (RPG)
341,Ember Knights,85.0,1,Hack and slash/Beat 'em up
341,Ember Knights,85.0,1,Adventure
342,Puzzle Quest 3,60.0,1,Puzzle
342,Puzzle Quest 3,60.0,1,Role-playing (RPG)
342,Puzzle Quest 3,60.0,1,Strategy
343,Patch Quest,85.0,1,Shooter
343,Patch Quest,85.0,1,Adventure
343,Patch Quest,85.0,1,Indie
344,Graven,75.0,1,Shooter
344,Graven,75.0,1,Role-playing (RPG)
344,Graven,75.0,1,Adventure
345,Total Arcade Racing,80.0,1,Racing
345,Total Arcade Racing,80.0,1,Simulator
345,Total Arcade Racing,80.0,1,Sport
345,Total Arcade Racing,80.0,1,Indie
345,Total Arcade Racing,80.0,1,Arcade
346,Titan Chaser,80.0,1,Racing
346,Titan Chaser,80.0,1,Role-playing (RPG)
346,Titan Chaser,80.0,1,Simulator
346,Titan Chaser,80.0,1,Adventure
346,Titan Chaser,80.0,1,Indie
347,Victory Road,80.0,1,Fighting
347,Victory Road,80.0,1,Simulator
347,Victory Road,80.0,1,Sport
347,Victory Road,80.0,1,Strategy
347,Victory Road,80.0,1,Hack and slash/Beat 'em up
347,Victory Road,80.0,1,Indie
348,Mists of Noyah,60.0,1,Role-playing (RPG)
348,Mists of Noyah,60.0,1,Indie
349,Weed Farmer Simulator,50.0,1,Simulator
349,Weed Farmer Simulator,50.0,1,Indie
350,Shaolin vs Wutang 2,70.0,1,Fighting
350,Shaolin vs Wutang 2,70.0,1,Indie
351,Barricadez,80.0,1,Simulator
351,Barricadez,80.0,1,Strategy
351,Barricadez,80.0,1,Indie
352,Ultimate Zombie Defense,70.0,1,Shooter
352,Ultimate Zombie Defense,70.0,1,Strategy
352,Ultimate Zombie Defense,70.0,1,Adventure
353,Tainted Grail: The Fall of Avalon,0.0,1,Role-playing (RPG)
353,Tainted Grail: The Fall of Avalon,0.0,1,Adventure
353,Tainted Grail: The Fall of Avalon,0.0,1,Indie
354,Spellsword Cards: DungeonTop,68.0,1,Role-playing (RPG)
354,Spellsword Cards: DungeonTop,68.0,1,Strategy
354,Spellsword Cards: DungeonTop,68.0,1,Adventure
354,Spellsword Cards: DungeonTop,68.0,1,Indie
354,Spellsword Cards: DungeonTop,68.0,1,Card & Board Game
355,Mad Experiments: Escape Room,70.0,1,Puzzle
355,Mad Experiments: Escape Room,70.0,1,Adventure
355,Mad Experiments: Escape Room,70.0,1,Indie
356,MMORPG Tycoon 2,70.0,1,Simulator
356,MMORPG Tycoon 2,70.0,1,Strategy
356,MMORPG Tycoon 2,70.0,1,Indie
357,Tip of the Spear: Task Force Elite,80.0,1,Shooter
357,Tip of the Spear: Task Force Elite,80.0,1,Indie
358,The Yellow King,70.0,1,Role-playing (RPG)
358,The Yellow King,70.0,1,Adventure
358,The Yellow King,70.0,1,Indie
359,Errant Kingdom,70.0,1,Adventure
359,Errant Kingdom,70.0,1,Indie
359,Errant Kingdom,70.0,1,Visual Novel
360,Day of Dragons,50.0,1,Simulator
360,Day of Dragons,50.0,1,Indie
361,Book of Travels,66.0,1,Role-playing (RPG)
361,Book of Travels,66.0,1,Adventure
361,Book of Travels,66.0,1,Indie
362,Necronator: Dead Wrong,65.0,1,Real Time Strategy (RTS)
362,Necronator: Dead Wrong,65.0,1,Strategy
362,Necronator: Dead Wrong,65.0,1,Indie
362,Necronator: Dead Wrong,65.0,1,Card & Board Game
363,Drift of the Hill,80.0,1,Racing
363,Drift of the Hill,80.0,1,Simulator
363,Drift of the Hill,80.0,1,Indie
364,Neon Noodles: Cyberpunk Kitchen Automation,70.0,1,Puzzle
364,Neon Noodles: Cyberpunk Kitchen Automation,70.0,1,Simulator
364,Neon Noodles: Cyberpunk Kitchen Automation,70.0,1,Indie
365,Beat Blast,88.0,1,Adventure
365,Beat Blast,88.0,1,Indie
366,Bastide,50.0,1,Simulator
366,Bastide,50.0,1,Strategy
366,Bastide,50.0,1,Indie
367,MicroTown,70.0,1,Strategy
367,MicroTown,70.0,1,Indie
368,Devil's Deck,60.0,1,Role-playing (RPG)
368,Devil's Deck,60.0,1,Strategy
368,Devil's Deck,60.0,1,Adventure
368,Devil's Deck,60.0,1,Indie
369,Neon Tail,70.0,1,Racing
369,Neon Tail,70.0,1,Role-playing (RPG)
369,Neon Tail,70.0,1,Sport
369,Neon Tail,70.0,1,Adventure
369,Neon Tail,70.0,1,Indie
370,Onset,70.0,1,Role-playing (RPG)
370,Onset,70.0,1,Simulator
370,Onset,70.0,1,Indie
371,Shadows of Doubt,80.0,1,Role-playing (RPG)
371,Shadows of Doubt,80.0,1,Adventure
371,Shadows of Doubt,80.0,1,Indie
372,Sky Link,70.0,1,Simulator
373,Ritual: Crown of Horns,75.0,1,Shooter
373,Ritual: Crown of Horns,75.0,1,Indie
373,Ritual: Crown of Horns,75.0,1,Arcade
374,Naxia,50.0,1,Role-playing (RPG)
374,Naxia,50.0,1,Hack and slash/Beat 'em up
374,Naxia,50.0,1,Adventure
374,Naxia,50.0,1,Indie
375,Ninja Legends,70.0,1,Simulator
375,Ninja Legends,70.0,1,Adventure
375,Ninja Legends,70.0,1,Indie
375,Ninja Legends,70.0,1,Arcade
376,Axis & Allies 1942 Online,50.0,1,Strategy
376,Axis & Allies 1942 Online,50.0,1,Turn-based strategy (TBS)
376,Axis & Allies 1942 Online,50.0,1,Card & Board Game
377,Siege of Centauri,65.0,1,Strategy
377,Siege of Centauri,65.0,1,Indie
378,Gravity Ace,70.0,1,Indie
378,Gravity Ace,70.0,1,Arcade
379,Burned Land,70.0,1,Strategy
379,Burned Land,70.0,1,Indie
380,Road to Guangdong,50.0,1,Simulator
380,Road to Guangdong,50.0,1,Adventure
380,Road to Guangdong,50.0,1,Indie
381,Winkeltje: The Little Shop,70.0,1,Shooter
381,Winkeltje: The Little Shop,70.0,1,Platform
381,Winkeltje: The Little Shop,70.0,1,Simulator
381,Winkeltje: The Little Shop,70.0,1,Strategy
381,Winkeltje: The Little Shop,70.0,1,Indie
382,2084,50.0,1,Shooter
382,2084,50.0,1,Indie
383,Hotel Sowls,65.0,1,Role-playing (RPG)
383,Hotel Sowls,65.0,1,Simulator
383,Hotel Sowls,65.0,1,Strategy
383,Hotel Sowls,65.0,1,Adventure
383,Hotel Sowls,65.0,1,Indie
384,Metaverse Keeper,70.0,1,Role-playing (RPG)
384,Metaverse Keeper,70.0,1,Adventure
384,Metaverse Keeper,70.0,1,Indie
385,Murder Mystery Machine,73.0,1,Point-and-click
385,Murder Mystery Machine,73.0,1,Puzzle
385,Murder Mystery Machine,73.0,1,Strategy
385,Murder Mystery Machine,73.0,1,Adventure
385,Murder Mystery Machine,73.0,1,Indie
386,Fantasy Blacksmith,50.0,1,Role-playing (RPG)
386,Fantasy Blacksmith,50.0,1,Simulator
386,Fantasy Blacksmith,50.0,1,Indie
387,Deadliest Catch: The Game,45.0,1,Simulator
387,Deadliest Catch: The Game,45.0,1,Strategy
387,Deadliest Catch: The Game,45.0,1,Adventure
387,Deadliest Catch: The Game,45.0,1,Indie
387,Deadliest Catch: The Game,45.0,1,Arcade
388,Blink: Rogues,65.0,1,Shooter
388,Blink: Rogues,65.0,1,Adventure
388,Blink: Rogues,65.0,1,Indie
388,Blink: Rogues,65.0,1,Arcade
389,Pandemic Express: Zombie Escape,60.0,1,Shooter
389,Pandemic Express: Zombie Escape,60.0,1,Indie
390,Time Warpers,70.0,1,Role-playing (RPG)
390,Time Warpers,70.0,1,Simulator
390,Time Warpers,70.0,1,Strategy
390,Time Warpers,70.0,1,Adventure
390,Time Warpers,70.0,1,Indie
391,Deadside,60.0,1,Adventure
391,Deadside,60.0,1,Indie
392,Lawless Lands,70.0,1,Role-playing (RPG)
392,Lawless Lands,70.0,1,Strategy
392,Lawless Lands,70.0,1,Adventure
392,Lawless Lands,70.0,1,Indie
393,Starcom: Nexus,70.0,1,Role-playing (RPG)
393,Starcom: Nexus,70.0,1,Adventure
393,Starcom: Nexus,70.0,1,Indie
394,Good Company,60.0,1,Simulator
394,Good Company,60.0,1,Strategy
394,Good Company,60.0,1,Indie
395,Black Paradox,35.0,1,Shooter
395,Black Paradox,35.0,1,Platform
395,Black Paradox,35.0,1,Adventure
395,Black Paradox,35.0,1,Indie
395,Black Paradox,35.0,1,Arcade
396,Seeds of Resilience,60.0,1,Role-playing (RPG)
396,Seeds of Resilience,60.0,1,Simulator
396,Seeds of Resilience,60.0,1,Strategy
396,Seeds of Resilience,60.0,1,Turn-based strategy (TBS)
396,Seeds of Resilience,60.0,1,Adventure
396,Seeds of Resilience,60.0,1,Indie
397,Rapture Rejects,50.0,1,Shooter
397,Rapture Rejects,50.0,1,Indie
398,Melting World Online,50.0,1,Role-playing (RPG)
398,Melting World Online,50.0,1,Strategy
398,Melting World Online,50.0,1,Adventure
398,Melting World Online,50.0,1,Indie
399,A Long Way Down,50.0,1,Role-playing (RPG)
399,A Long Way Down,50.0,1,Strategy
399,A Long Way Down,50.0,1,Adventure
399,A Long Way Down,50.0,1,Indie
400,Adeptus Titanicus: Dominus,80.0,1,Strategy
400,Adeptus Titanicus: Dominus,80.0,1,Turn-based strategy (TBS)
400,Adeptus Titanicus: Dominus,80.0,1,Tactical
401,The Hardest Dungeon,70.0,1,Role-playing (RPG)
401,The Hardest Dungeon,70.0,1,Simulator
401,The Hardest Dungeon,70.0,1,Strategy
401,The Hardest Dungeon,70.0,1,Adventure
401,The Hardest Dungeon,70.0,1,Indie
402,Find Your Way,50.0,1,Adventure
402,Find Your Way,50.0,1,Indie
403,Newt One,70.0,1,Music
403,Newt One,70.0,1,Platform
403,Newt One,70.0,1,Adventure
403,Newt One,70.0,1,Indie
404,The True Slime King,90.0,1,Platform
404,The True Slime King,90.0,1,Adventure
404,The True Slime King,90.0,1,Indie
405,ValeGuard,64.0,1,Role-playing (RPG)
405,ValeGuard,64.0,1,Simulator
405,ValeGuard,64.0,1,Strategy
405,ValeGuard,64.0,1,Indie
406,Vox Machinae,80.0,1,Shooter
406,Vox Machinae,80.0,1,Simulator
406,Vox Machinae,80.0,1,Indie
407,Final Assault,70.0,1,Strategy
408,BoxVR,80.0,1,Sport
408,BoxVR,80.0,1,Indie
409,Sipho,70.0,1,Simulator
409,Sipho,70.0,1,Strategy
409,Sipho,70.0,1,Indie
410,The Snowboard Game,60.0,1,Racing
410,The Snowboard Game,60.0,1,Simulator
410,The Snowboard Game,60.0,1,Sport
410,The Snowboard Game,60.0,1,Indie
411,Swords 'n Magic and Stuff,80.0,1,Role-playing (RPG)
411,Swords 'n Magic and Stuff,80.0,1,Simulator
411,Swords 'n Magic and Stuff,80.0,1,Adventure
411,Swords 'n Magic and Stuff,80.0,1,Indie
