,Title,Average Score,Score Count,Dates,Platforms,Regions
0,Valheim,87.99375260840064,166,"Mar 14, 2023",Xbox One,Worldwide
0,Valheim,87.99375260840064,166,"Mar 14, 2023",Xbox Series X|S,Worldwide
0,Valheim,87.99375260840064,166,"Sep 16, 2022",Xbox One,North America
0,Valheim,87.99375260840064,166,"Sep 16, 2022",Xbox Series X|S,North America
0,Valheim,87.99375260840064,166,"Feb 02, 2021",PC (Microsoft Windows),Worldwide
0,Valheim,87.99375260840064,166,TBD,PC (Microsoft Windows),Worldwide
0,Valheim,87.99375260840064,166,"Feb 02, 2021",Linux,Worldwide
0,Valheim,87.99375260840064,166,"Jun 10, 2024",Mac,Worldwide
1,Palworld,70.71082919086297,163,"Jan 19, 2024",PC (Microsoft Windows),Worldwide
1,Palworld,70.71082919086297,163,"Jan 19, 2024",Xbox One,Worldwide
1,Palworld,70.71082919086297,163,"Jan 19, 2024",Xbox Series X|S,Worldwide
1,Palworld,70.71082919086297,163,TBD,Mac,Worldwide
2,7 Days to Die,54.10697216625002,141,"Jun 28, 2016",PlayStation 4,North America
2,7 Days to Die,54.10697216625002,141,"Jul 01, 2016",PlayStation 4,Europe
2,7 Days to Die,54.10697216625002,141,"Jun 28, 2016",Xbox One,North America
2,7 Days to Die,54.10697216625002,141,"Dec 13, 2013",PC (Microsoft Windows),Worldwide
2,7 Days to Die,54.10697216625002,141,"May 04, 2014",Linux,Worldwide
2,7 Days to Die,54.10697216625002,141,"Dec 13, 2013",Mac,Worldwide
3,Satisfactory,74.77459600398358,110,"Mar 19, 2019",PC (Microsoft Windows),Worldwide
3,Satisfactory,74.77459600398358,110,2024,PC (Microsoft Windows),Worldwide
4,Project Zomboid,82.13136103484771,106,"Nov 08, 2013",Mac,Worldwide
4,Project Zomboid,82.13136103484771,106,"Nov 08, 2013",Linux,Worldwide
4,Project Zomboid,82.13136103484771,106,"Nov 08, 2013",PC (Microsoft Windows),Worldwide
4,Project Zomboid,82.13136103484771,106,TBD,PC (Microsoft Windows),Worldwide
5,Phasmophobia,67.05807817202759,105,"Sep 18, 2020",Oculus Rift,Worldwide
5,Phasmophobia,67.05807817202759,105,"Sep 18, 2020",PC (Microsoft Windows),Worldwide
5,Phasmophobia,67.05807817202759,105,"Sep 18, 2020",SteamVR,Worldwide
5,Phasmophobia,67.05807817202759,105,"Sep 18, 2020",Windows Mixed Reality,Worldwide
5,Phasmophobia,67.05807817202759,105,TBD,PlayStation 5,Worldwide
5,Phasmophobia,67.05807817202759,105,TBD,PlayStation VR2,Worldwide
5,Phasmophobia,67.05807817202759,105,TBD,Xbox Series X|S,Worldwide
6,Lethal Company,75.68037227597047,84,"Oct 23, 2023",PC (Microsoft Windows),Worldwide
7,VRChat,71.80128774997415,44,"Feb 01, 2017",PC (Microsoft Windows),Worldwide
7,VRChat,71.80128774997415,44,"May 21, 2019",Oculus Quest,Worldwide
7,VRChat,71.80128774997415,44,"May 21, 2019",Meta Quest 2,Worldwide
7,VRChat,71.80128774997415,44,"Feb 01, 2017",SteamVR,Worldwide
8,BeamNG.drive,77.17831779679061,44,"Apr 05, 2015",PC (Microsoft Windows),Worldwide
9,Stranded Deep,62.31472127945786,44,"Jan 23, 2015",PC (Microsoft Windows),Worldwide
9,Stranded Deep,62.31472127945786,44,"Jan 23, 2015",Mac,Worldwide
9,Stranded Deep,62.31472127945786,44,"Jul 20, 2018",Linux,Worldwide
9,Stranded Deep,62.31472127945786,44,"Apr 21, 2020",PlayStation 4,Worldwide
9,Stranded Deep,62.31472127945786,44,"Apr 21, 2020",Xbox One,Worldwide
9,Stranded Deep,62.31472127945786,44,"Aug 31, 2021",Nintendo Switch,North America
9,Stranded Deep,62.31472127945786,44,"Aug 31, 2021",Nintendo Switch,Europe
10,Supermarket Simulator,60.64081972611066,42,"Feb 20, 2024",PC (Microsoft Windows),Worldwide
10,Supermarket Simulator,60.64081972611066,42,Jul 2024,PlayStation 5,Worldwide
11,Realm Royale Reforged,69.13286242859982,38,"Jun 05, 2018",PC (Microsoft Windows),Worldwide
11,Realm Royale Reforged,69.13286242859982,38,"Aug 01, 2018",Xbox One,Worldwide
11,Realm Royale Reforged,69.13286242859982,38,"Aug 01, 2018",PlayStation 4,Worldwide
11,Realm Royale Reforged,69.13286242859982,38,"Jun 20, 2019",Nintendo Switch,North America
11,Realm Royale Reforged,69.13286242859982,38,"May 24, 2019",Nintendo Switch,Worldwide
12,Green Hell,84.93378901747568,38,"Sep 05, 2019",PC (Microsoft Windows),Worldwide
12,Green Hell,84.93378901747568,38,"Oct 08, 2020",Nintendo Switch,North America
12,Green Hell,84.93378901747568,38,"Jun 09, 2021",PlayStation 4,Worldwide
12,Green Hell,84.93378901747568,38,"Jun 09, 2021",Xbox One,North America
12,Green Hell,84.93378901747568,38,"Oct 08, 2020",Nintendo Switch,Europe
13,WorldBox: God Simulator,64.55591786211168,36,"Oct 10, 2018",PC (Microsoft Windows),Worldwide
13,WorldBox: God Simulator,64.55591786211168,36,"Oct 02, 2018",Android,Worldwide
13,WorldBox: God Simulator,64.55591786211168,36,"Feb 02, 2019",iOS,Worldwide
13,WorldBox: God Simulator,64.55591786211168,36,"Oct 02, 2019",Linux,Worldwide
14,Ultrakill,85.29712890792595,35,"Sep 03, 2020",PC (Microsoft Windows),Worldwide
14,Ultrakill,85.29712890792595,35,TBD,PC (Microsoft Windows),Worldwide
15,V Rising,84.48749165362021,34,"May 17, 2022",PC (Microsoft Windows),Worldwide
15,V Rising,84.48749165362021,34,"May 08, 2024",PC (Microsoft Windows),Worldwide
15,V Rising,84.48749165362021,34,"Jun 11, 2024",PlayStation 5,Worldwide
16,My Summer Car,70.096623595826,34,"Oct 24, 2016",PC (Microsoft Windows),Worldwide
17,Dark and Darker,72.08843031971311,29,"Aug 07, 2023",PC (Microsoft Windows),Worldwide
17,Dark and Darker,72.08843031971311,29,"Jan 04, 2024",PC (Microsoft Windows),Korea
18,BattleBit Remastered,70.37900501439468,29,"Jun 15, 2023",PC (Microsoft Windows),Worldwide
19,Dyson Sphere Program,80.76003534170542,28,"Jan 13, 2021",Xbox One,Worldwide
19,Dyson Sphere Program,80.76003534170542,28,"Oct 13, 2022",Xbox Series X|S,Worldwide
19,Dyson Sphere Program,80.76003534170542,28,"Jan 21, 2021",PC (Microsoft Windows),Worldwide
19,Dyson Sphere Program,80.76003534170542,28,TBD,PC (Microsoft Windows),Worldwide
20,Sons of the Forest,73.22119719999064,26,"Feb 23, 2023",PC (Microsoft Windows),Worldwide
20,Sons of the Forest,73.22119719999064,26,"Feb 22, 2024",PC (Microsoft Windows),Worldwide
21,Project: Gorgon,76.94138297165841,26,"Mar 13, 2018",PC (Microsoft Windows),Worldwide
21,Project: Gorgon,76.94138297165841,26,"Mar 13, 2018",Mac,Worldwide
21,Project: Gorgon,76.94138297165841,26,"Mar 13, 2018",Linux,Worldwide
22,Universe Sandbox,81.69742305725927,26,"Aug 24, 2015",Linux,Worldwide
22,Universe Sandbox,81.69742305725927,26,"Aug 24, 2015",Mac,Worldwide
22,Universe Sandbox,81.69742305725927,26,"Aug 24, 2015",PC (Microsoft Windows),Worldwide
23,Enshrouded,78.45473297130495,24,"Jan 24, 2024",PC (Microsoft Windows),Worldwide
24,NFUT Cards,94.78260869565217,23,"Jan 01, 2021",Web browser,Worldwide
25,Super Animal Royale,64.93824809812908,23,"Dec 12, 2018",PC (Microsoft Windows),Worldwide
25,Super Animal Royale,64.93824809812908,23,"Jun 01, 2021",Xbox One,North America
25,Super Animal Royale,64.93824809812908,23,"Jun 01, 2021",Xbox Series X|S,North America
25,Super Animal Royale,64.93824809812908,23,"Jun 01, 2021",PlayStation 4,North America
25,Super Animal Royale,64.93824809812908,23,"Aug 26, 2021",Nintendo Switch,Worldwide
25,Super Animal Royale,64.93824809812908,23,"Aug 26, 2021",PlayStation 5,Worldwide
25,Super Animal Royale,64.93824809812908,23,"Dec 14, 2021",Google Stadia,Worldwide
26,The Isle,85.33971479400523,22,"Dec 01, 2015",PC (Microsoft Windows),Worldwide
27,Scum,80.57581155171133,21,"Aug 29, 2018",PC (Microsoft Windows),Worldwide
28,Halls of Torment,92.86473056290106,20,"May 24, 2023",Linux,Worldwide
28,Halls of Torment,92.86473056290106,20,"May 24, 2023",PC (Microsoft Windows),Worldwide
29,Scrap Mechanic,61.0747967827588,20,"Jan 20, 2016",PC (Microsoft Windows),Worldwide
30,Godus,67.97408455851384,20,"Nov 27, 2014",Android,Worldwide
30,Godus,67.97408455851384,20,"Aug 06, 2014",iOS,Worldwide
30,Godus,67.97408455851384,20,"Aug 06, 2014",PC (Microsoft Windows),Worldwide
30,Godus,67.97408455851384,20,"Aug 06, 2014",Mac,Worldwide
31,Paint the Town Red,69.5224030992534,19,"Oct 13, 2015",PC (Microsoft Windows),Worldwide
31,Paint the Town Red,69.5224030992534,19,"Oct 13, 2015",Mac,Worldwide
31,Paint the Town Red,69.5224030992534,19,"Oct 13, 2015",Linux,Worldwide
31,Paint the Town Red,69.5224030992534,19,"Jul 29, 2021",Nintendo Switch,North America
31,Paint the Town Red,69.5224030992534,19,"Jul 29, 2021",PlayStation 4,Worldwide
31,Paint the Town Red,69.5224030992534,19,"Jul 29, 2021",PlayStation 5,Worldwide
31,Paint the Town Red,69.5224030992534,19,"Jul 29, 2021",Xbox One,Worldwide
31,Paint the Town Red,69.5224030992534,19,"Jul 29, 2021",Xbox Series X|S,Worldwide
31,Paint the Town Red,69.5224030992534,19,"Jul 29, 2021",Nintendo Switch,Europe
32,Men of War: Assault Squad 2,77.48181570503874,19,"Mar 20, 2014",PC (Microsoft Windows),Worldwide
32,Men of War: Assault Squad 2,77.48181570503874,19,"Mar 20, 2014",PC (Microsoft Windows),North America
33,Farlight 84,24.71957769042393,18,"Jun 16, 2021",Android,Asia
33,Farlight 84,24.71957769042393,18,"Jun 16, 2021",iOS,Asia
33,Farlight 84,24.71957769042393,18,"Apr 24, 2023",PC (Microsoft Windows),Worldwide
34,Dune: Spice Wars,71.25413235094109,16,"Apr 26, 2022",PC (Microsoft Windows),Worldwide
34,Dune: Spice Wars,71.25413235094109,16,"Sep 14, 2023",PC (Microsoft Windows),Worldwide
34,Dune: Spice Wars,71.25413235094109,16,"Nov 28, 2023",Xbox Series X|S,Worldwide
35,Friday Night Funkin',77.23533125043632,16,"Nov 01, 2020",Web browser,Worldwide
35,Friday Night Funkin',77.23533125043632,16,"Nov 01, 2020",PC (Microsoft Windows),Worldwide
35,Friday Night Funkin',77.23533125043632,16,"Nov 01, 2020",Mac,Worldwide
35,Friday Night Funkin',77.23533125043632,16,"Nov 01, 2020",Linux,Worldwide
36,Heartbound,87.79783393501805,16,"Dec 24, 2018",PC (Microsoft Windows),Worldwide
36,Heartbound,87.79783393501805,16,"Dec 24, 2018",Linux,Worldwide
37,Stonehearth,74.34340896936035,16,2017,PC (Microsoft Windows),Worldwide
37,Stonehearth,74.34340896936035,16,"Dec 30, 2013",PC (Microsoft Windows),North America
38,Ruthnar Online,90.36528669470889,15,"Mar 21, 2024",PC (Microsoft Windows),Worldwide
38,Ruthnar Online,90.36528669470889,15,"Mar 28, 2024",PC (Microsoft Windows),Worldwide
39,Crab Champions,62.22104126393624,15,"Apr 01, 2023",PC (Microsoft Windows),Worldwide
39,Crab Champions,62.22104126393624,15,TBD,PC (Microsoft Windows),Worldwide
40,Vintage Story,85.84657336754606,15,"Aug 16, 2018",PC (Microsoft Windows),Worldwide
40,Vintage Story,85.84657336754606,15,"Aug 16, 2018",Mac,Worldwide
40,Vintage Story,85.84657336754606,15,"Aug 16, 2018",Linux,Worldwide
41,Software Inc.,79.30190344351979,15,"May 01, 2015",Linux,Worldwide
41,Software Inc.,79.30190344351979,15,"May 01, 2015",Mac,Worldwide
41,Software Inc.,79.30190344351979,15,"May 01, 2015",PC (Microsoft Windows),Worldwide
42,Startup Company,66.0951021929778,15,"Apr 10, 2020",PC (Microsoft Windows),Worldwide
42,Startup Company,66.0951021929778,15,"Apr 10, 2020",Linux,Worldwide
42,Startup Company,66.0951021929778,15,"Apr 10, 2020",Mac,Worldwide
43,A Twisted Path To Renown,93.30718954248367,14,"Nov 30, 2023",PC (Microsoft Windows),Worldwide
44,Deep Rock Galactic: Survivor,77.30653437646535,14,TBD,PC (Microsoft Windows),Worldwide
44,Deep Rock Galactic: Survivor,77.30653437646535,14,"Feb 14, 2024",PC (Microsoft Windows),Worldwide
45,Stream Racer,84.76923076923077,14,"Jun 19, 2020",PC (Microsoft Windows),Worldwide
46,Everspace 2,73.33999603357731,14,"Apr 06, 2023",PC (Microsoft Windows),Worldwide
46,Everspace 2,73.33999603357731,14,"Jan 18, 2021",PC (Microsoft Windows),Worldwide
46,Everspace 2,73.33999603357731,14,"Aug 15, 2023",Xbox Series X|S,Worldwide
46,Everspace 2,73.33999603357731,14,"Aug 15, 2023",PlayStation 5,Worldwide
47,Rustler,65.5853557741938,14,"Aug 31, 2021",PlayStation 4,Worldwide
47,Rustler,65.5853557741938,14,"Aug 31, 2021",Nintendo Switch,Worldwide
47,Rustler,65.5853557741938,14,"Aug 31, 2021",Xbox Series X|S,Worldwide
47,Rustler,65.5853557741938,14,"Aug 31, 2021",Xbox One,Worldwide
47,Rustler,65.5853557741938,14,"Aug 31, 2021",PlayStation 5,Worldwide
47,Rustler,65.5853557741938,14,"Feb 18, 2021",PC (Microsoft Windows),Worldwide
48,Aimlabs,70.29421912212247,14,"Jun 01, 2018",Linux,Worldwide
48,Aimlabs,70.29421912212247,14,"Jun 01, 2018",PC (Microsoft Windows),Worldwide
49,Mashinky,89.48685336772036,14,"Oct 06, 2017",PC (Microsoft Windows),Worldwide
50,Shark Dating Simulator XL,57.69230769230769,14,"Jul 24, 2017",PC (Microsoft Windows),Worldwide
51,Stoneshard,76.92554119475231,14,"Feb 06, 2020",Linux,Worldwide
51,Stoneshard,76.92554119475231,14,"Feb 06, 2020",Mac,Worldwide
51,Stoneshard,76.92554119475231,14,"Feb 06, 2020",PC (Microsoft Windows),Worldwide
52,Caves of Qud,82.4420545025512,14,"Jul 15, 2015",Linux,Worldwide
52,Caves of Qud,82.4420545025512,14,"Jul 15, 2015",Mac,Worldwide
52,Caves of Qud,82.4420545025512,14,"Jul 15, 2015",PC (Microsoft Windows),Worldwide
52,Caves of Qud,82.4420545025512,14,2024,Linux,Worldwide
52,Caves of Qud,82.4420545025512,14,2024,Mac,Worldwide
52,Caves of Qud,82.4420545025512,14,2024,PC (Microsoft Windows),Worldwide
53,Surviving the Aftermath,57.49151311423476,13,"Nov 16, 2021",PC (Microsoft Windows),Worldwide
53,Surviving the Aftermath,57.49151311423476,13,"Nov 16, 2021",Nintendo Switch,Worldwide
53,Surviving the Aftermath,57.49151311423476,13,"Nov 16, 2021",PlayStation 4,Worldwide
53,Surviving the Aftermath,57.49151311423476,13,"Nov 16, 2021",Xbox One,Worldwide
53,Surviving the Aftermath,57.49151311423476,13,"Oct 22, 2020",PC (Microsoft Windows),Worldwide
54,Skater XL,71.959770803452,13,"Dec 19, 2018",PC (Microsoft Windows),Worldwide
54,Skater XL,71.959770803452,13,"Jul 28, 2020",PlayStation 4,Worldwide
54,Skater XL,71.959770803452,13,"Jul 28, 2020",Xbox One,Worldwide
54,Skater XL,71.959770803452,13,"Dec 05, 2023",Nintendo Switch,Worldwide
55,Beast Battle Simulator,96.41172265904217,13,"Aug 23, 2017",PC (Microsoft Windows),Worldwide
55,Beast Battle Simulator,96.41172265904217,13,"Oct 02, 2017",iOS,Worldwide
56,Colony Survival,80.18728587470066,13,"Jun 16, 2017",Linux,Worldwide
56,Colony Survival,80.18728587470066,13,"Jun 16, 2017",PC (Microsoft Windows),Worldwide
56,Colony Survival,80.18728587470066,13,"Jun 16, 2017",Mac,Worldwide
57,Exanima,79.92067603935372,13,"Apr 29, 2015",PC (Microsoft Windows),Worldwide
58,Core Keeper,60.7937433820678,12,"Mar 08, 2022",Linux,Worldwide
58,Core Keeper,60.7937433820678,12,"Mar 08, 2022",PC (Microsoft Windows),Worldwide
58,Core Keeper,60.7937433820678,12,"Aug 27, 2024",Linux,Worldwide
58,Core Keeper,60.7937433820678,12,"Aug 27, 2024",Nintendo Switch,Worldwide
58,Core Keeper,60.7937433820678,12,"Aug 27, 2024",PC (Microsoft Windows),Worldwide
58,Core Keeper,60.7937433820678,12,"Aug 27, 2024",PlayStation 4,Worldwide
58,Core Keeper,60.7937433820678,12,"Aug 27, 2024",PlayStation 5,Worldwide
58,Core Keeper,60.7937433820678,12,"Aug 27, 2024",Xbox One,Worldwide
58,Core Keeper,60.7937433820678,12,"Aug 27, 2024",Xbox Series X|S,Worldwide
59,Eco,90.83148859315394,12,"Feb 06, 2018",PC (Microsoft Windows),Worldwide
60,The Vagrant,85.76387143650447,12,"Jun 09, 2017",PC (Microsoft Windows),Worldwide
61,Earthfall,62.00689680303385,12,"Jul 13, 2018",Xbox One,Worldwide
61,Earthfall,62.00689680303385,12,"Jul 13, 2018",PlayStation 4,Worldwide
61,Earthfall,62.00689680303385,12,"Oct 29, 2019",Nintendo Switch,Worldwide
61,Earthfall,62.00689680303385,12,"Jul 12, 2018",PC (Microsoft Windows),Worldwide
62,SpaceEngine,89.92809987401883,12,"Jun 01, 2010",PC (Microsoft Windows),Worldwide
62,SpaceEngine,89.92809987401883,12,"Jun 11, 2019",SteamVR,Worldwide
62,SpaceEngine,89.92809987401883,12,"Jun 11, 2019",PC (Microsoft Windows),Worldwide
62,SpaceEngine,89.92809987401883,12,"Jun 11, 2019",SteamVR,Worldwide
63,Gloam,92.5925925925926,11,"Mar 01, 2021",PC (Microsoft Windows),Worldwide
64,BroodStar,89.16666666666666,11,"Sep 30, 2020",PC (Microsoft Windows),Worldwide
64,BroodStar,89.16666666666666,11,"Jun 24, 2023",Nintendo Switch,Worldwide
64,BroodStar,89.16666666666666,11,"Feb 23, 2024",Xbox One,North America
64,BroodStar,89.16666666666666,11,"Jun 05, 2024",PlayStation 4,North America
64,BroodStar,89.16666666666666,11,"Jun 05, 2024",PlayStation 4,Europe
64,BroodStar,89.16666666666666,11,"Feb 23, 2024",Xbox One,Europe
65,We Went Back,59.37043486935174,11,"Feb 18, 2020",PC (Microsoft Windows),Worldwide
66,AdVenture Communist,59.89794158321573,11,"Aug 23, 2016",PC (Microsoft Windows),Worldwide
66,AdVenture Communist,59.89794158321573,11,"Aug 23, 2016",Mac,Worldwide
66,AdVenture Communist,59.89794158321573,11,"Nov 16, 2017",Android,Worldwide
66,AdVenture Communist,59.89794158321573,11,"Nov 16, 2017",iOS,Worldwide
67,Another Brick in the Mall,66.85778470329305,11,"Nov 03, 2016",PC (Microsoft Windows),Worldwide
68,Pavlov VR,80.6610844584933,11,"Feb 27, 2017",SteamVR,Worldwide
68,Pavlov VR,80.6610844584933,11,"Mar 31, 2021",Meta Quest 2,Worldwide
68,Pavlov VR,80.6610844584933,11,"Feb 22, 2023",PlayStation VR2,Worldwide
69,Vainglory,69.93801827775835,11,"Nov 16, 2014",iOS,Worldwide
69,Vainglory,69.93801827775835,11,"Jul 02, 2015",Android,Worldwide
69,Vainglory,69.93801827775835,11,TBD,Mac,Worldwide
69,Vainglory,69.93801827775835,11,"Feb 13, 2019",PC (Microsoft Windows),Worldwide
70,Suck Up!,81.21951219512195,10,"Dec 12, 2023",PC (Microsoft Windows),Worldwide
71,Death Must Die,79.99721216906516,10,"Nov 14, 2023",PC (Microsoft Windows),Worldwide
71,Death Must Die,79.99721216906516,10,"Nov 14, 2023",Mac,Worldwide
71,Death Must Die,79.99721216906516,10,TBD,Xbox One,Worldwide
71,Death Must Die,79.99721216906516,10,TBD,Xbox Series X|S,Worldwide
72,Supremacy: The Metaverse Game,87.84260515603799,10,"Feb 22, 2022",Web browser,Worldwide
73,Coral Island,75.64660493827161,10,"Nov 14, 2023",PlayStation 5,Worldwide
73,Coral Island,75.64660493827161,10,"Nov 14, 2023",PC (Microsoft Windows),Worldwide
73,Coral Island,75.64660493827161,10,"Nov 14, 2023",Xbox Series X|S,Worldwide
73,Coral Island,75.64660493827161,10,"Oct 11, 2022",PC (Microsoft Windows),Worldwide
73,Coral Island,75.64660493827161,10,"Oct 11, 2022",Xbox Series X|S,Worldwide
74,Peglin,86.15768958222841,10,"Apr 25, 2022",Android,Worldwide
74,Peglin,86.15768958222841,10,"Apr 25, 2022",iOS,Worldwide
74,Peglin,86.15768958222841,10,"Apr 25, 2022",Mac,Worldwide
74,Peglin,86.15768958222841,10,"Apr 25, 2022",PC (Microsoft Windows),Worldwide
75,Havocado,77.0,10,"Apr 25, 2019",PC (Microsoft Windows),Worldwide
75,Havocado,77.0,10,"Apr 25, 2019",Mac,Worldwide
76,Blade & Sorcery,80.05454161613338,10,"Dec 11, 2018",PC (Microsoft Windows),Worldwide
76,Blade & Sorcery,80.05454161613338,10,"Dec 11, 2018",SteamVR,Worldwide
76,Blade & Sorcery,80.05454161613338,10,"Apr 04, 2019",Oculus VR,Worldwide
76,Blade & Sorcery,80.05454161613338,10,"Apr 04, 2019",Oculus Rift,Worldwide
77,"Good Pizza, Great Pizza",64.25620110828709,10,"Dec 02, 2014",iOS,Worldwide
77,"Good Pizza, Great Pizza",64.25620110828709,10,"Sep 03, 2020",Nintendo Switch,Worldwide
77,"Good Pizza, Great Pizza",64.25620110828709,10,"Dec 02, 2014",Android,Worldwide
77,"Good Pizza, Great Pizza",64.25620110828709,10,"Jun 05, 2018",PC (Microsoft Windows),Worldwide
77,"Good Pizza, Great Pizza",64.25620110828709,10,"Jun 05, 2018",Mac,Worldwide
78,Ravenfield,70.95404021222224,10,"May 18, 2017",PC (Microsoft Windows),Worldwide
78,Ravenfield,70.95404021222224,10,"May 18, 2017",Mac,Worldwide
78,Ravenfield,70.95404021222224,10,"May 18, 2017",Linux,Worldwide
79,Passpartout: The Starving Artist,59.94069549359882,10,"Jun 06, 2017",Mac,Worldwide
79,Passpartout: The Starving Artist,59.94069549359882,10,"Jun 06, 2017",PC (Microsoft Windows),Worldwide
79,Passpartout: The Starving Artist,59.94069549359882,10,"Nov 30, 2017",iOS,Worldwide
79,Passpartout: The Starving Artist,59.94069549359882,10,"Jun 06, 2017",Linux,Worldwide
79,Passpartout: The Starving Artist,59.94069549359882,10,"Oct 18, 2018",Nintendo Switch,Worldwide
80,Serious Sam Classics: Revolution,87.61706494111856,10,"Mar 03, 2014",PC (Microsoft Windows),Worldwide
81,Who's Your Daddy,43.32214964721245,10,"Dec 23, 2015",PC (Microsoft Windows),Worldwide
81,Who's Your Daddy,43.32214964721245,10,"Dec 23, 2015",Mac,Worldwide
81,Who's Your Daddy,43.32214964721245,10,"Dec 23, 2015",Linux,Worldwide
81,Who's Your Daddy,43.32214964721245,10,"Jan 05, 2022",Xbox One,North America
81,Who's Your Daddy,43.32214964721245,10,"May 02, 2024",PlayStation 4,North America
81,Who's Your Daddy,43.32214964721245,10,"May 02, 2024",PlayStation 4,Europe
81,Who's Your Daddy,43.32214964721245,10,"May 02, 2024",PlayStation 5,North America
81,Who's Your Daddy,43.32214964721245,10,"May 02, 2024",PlayStation 5,Europe
82,No Rest for the Wicked,79.96556164465606,9,"Apr 18, 2024",PC (Microsoft Windows),Worldwide
82,No Rest for the Wicked,79.96556164465606,9,TBD,Xbox Series X|S,Worldwide
82,No Rest for the Wicked,79.96556164465606,9,TBD,PlayStation 5,Worldwide
83,Slime Rancher 2,65.9702479338843,9,"Sep 22, 2022",Xbox One,Worldwide
83,Slime Rancher 2,65.9702479338843,9,"Sep 22, 2022",Xbox Series X|S,Worldwide
83,Slime Rancher 2,65.9702479338843,9,"Sep 22, 2022",PC (Microsoft Windows),Worldwide
83,Slime Rancher 2,65.9702479338843,9,TBD,PC (Microsoft Windows),Worldwide
83,Slime Rancher 2,65.9702479338843,9,"Jun 07, 2024",PlayStation 5,Worldwide
84,Seen,54.26400260464785,9,"Jun 21, 2019",PC (Microsoft Windows),Worldwide
84,Seen,54.26400260464785,9,"Jun 20, 2019",PC (Microsoft Windows),North America
85,Russian Fishing 4,68.56625763972927,9,"Jun 15, 2018",PC (Microsoft Windows),Worldwide
86,Rico,53.13678278816184,9,"Mar 13, 2019",Xbox One,Worldwide
86,Rico,53.13678278816184,9,"Mar 14, 2019",PC (Microsoft Windows),Worldwide
86,Rico,53.13678278816184,9,"Mar 12, 2019",PlayStation 4,Worldwide
86,Rico,53.13678278816184,9,"Mar 14, 2019",Nintendo Switch,North America
86,Rico,53.13678278816184,9,"Mar 13, 2019",Xbox One,North America
87,Savage Lands,59.61447578996194,9,"Feb 04, 2015",PC (Microsoft Windows),Worldwide
87,Savage Lands,59.61447578996194,9,"Feb 04, 2015",Mac,Worldwide
87,Savage Lands,59.61447578996194,9,"Feb 04, 2015",Linux,Worldwide
88,The Universim,65.72087908908081,9,"Aug 28, 2018",PC (Microsoft Windows),Worldwide
88,The Universim,65.72087908908081,9,"Aug 28, 2018",Mac,Worldwide
88,The Universim,65.72087908908081,9,"Aug 28, 2018",Linux,Worldwide
89,Hades II,85.0754897653551,8,"May 06, 2024",PC (Microsoft Windows),Worldwide
90,Big Time,87.05882352941175,8,"Apr 19, 2022",PC (Microsoft Windows),Worldwide
91,Achilles: Legends Untold,57.53421887637653,8,"Nov 02, 2023",Xbox Series X|S,North America
91,Achilles: Legends Untold,57.53421887637653,8,"Nov 02, 2023",PlayStation 5,Worldwide
91,Achilles: Legends Untold,57.53421887637653,8,"May 12, 2022",PC (Microsoft Windows),Worldwide
91,Achilles: Legends Untold,57.53421887637653,8,"Nov 02, 2023",PC (Microsoft Windows),Worldwide
92,Second Extinction,72.61604711117297,8,"Oct 20, 2022",Xbox One,Worldwide
92,Second Extinction,72.61604711117297,8,"Oct 20, 2022",Xbox Series X|S,Worldwide
92,Second Extinction,72.61604711117297,8,"Oct 13, 2020",PC (Microsoft Windows),Worldwide
93,Craftopia,71.79325842696629,8,"Sep 04, 2020",PC (Microsoft Windows),Worldwide
93,Craftopia,71.79325842696629,8,"Jul 05, 2020",Xbox One,Worldwide
94,Dinkum,83.38946077023459,8,"Jul 14, 2022",PC (Microsoft Windows),Worldwide
95,Foundation,63.68350171809344,8,"Feb 01, 2019",PC (Microsoft Windows),Worldwide
96,Nova Drift,39.54285714285714,8,"Mar 27, 2019",Mac,Worldwide
96,Nova Drift,39.54285714285714,8,"Mar 27, 2019",PC (Microsoft Windows),Worldwide
96,Nova Drift,39.54285714285714,8,Aug 2024,PC (Microsoft Windows),Worldwide
97,Academia: School Simulator,69.81034505672702,8,"Sep 08, 2017",PC (Microsoft Windows),Worldwide
98,Staxel,54.56949609190651,8,"Jan 23, 2018",PC (Microsoft Windows),Worldwide
98,Staxel,54.56949609190651,8,"Sep 23, 2021",Nintendo Switch,North America
98,Staxel,54.56949609190651,8,"Sep 23, 2021",Nintendo Switch,Europe
99,Oriental Empires,53.375,8,"Sep 20, 2016",PC (Microsoft Windows),Worldwide
100,ARK: Survival of the Fittest,14.66815512119835,8,"Jul 19, 2016",PlayStation 4,Worldwide
100,ARK: Survival of the Fittest,14.66815512119835,8,"Mar 15, 2016",PC (Microsoft Windows),Worldwide
100,ARK: Survival of the Fittest,14.66815512119835,8,"Mar 15, 2016",Mac,Worldwide
100,ARK: Survival of the Fittest,14.66815512119835,8,"Mar 15, 2016",Linux,Worldwide
101,Echo of Soul,56.72286707808303,8,"Jun 22, 2015",PC (Microsoft Windows),Worldwide
102,Riot: Civil Unrest,50.91514610670846,8,"Dec 06, 2017",Linux,Worldwide
102,Riot: Civil Unrest,50.91514610670846,8,"Dec 06, 2017",Mac,Worldwide
102,Riot: Civil Unrest,50.91514610670846,8,"Dec 06, 2017",PC (Microsoft Windows),Worldwide
102,Riot: Civil Unrest,50.91514610670846,8,"Feb 07, 2019",Nintendo Switch,North America
102,Riot: Civil Unrest,50.91514610670846,8,"Feb 06, 2019",Xbox One,Worldwide
102,Riot: Civil Unrest,50.91514610670846,8,"Feb 06, 2019",PlayStation 4,Worldwide
103,Overpower,70.17241379310346,8,"Apr 20, 2016",PC (Microsoft Windows),Worldwide
104,Labyrinth,81.04545454545453,8,"Mar 07, 2016",PC (Microsoft Windows),Worldwide
104,Labyrinth,81.04545454545453,8,"Mar 07, 2016",Mac,Worldwide
105,Dead Effect 2,54.32579989842559,8,"Oct 28, 2015",iOS,Worldwide
105,Dead Effect 2,54.32579989842559,8,"Oct 28, 2015",Android,Worldwide
105,Dead Effect 2,54.32579989842559,8,"May 06, 2016",Mac,Worldwide
105,Dead Effect 2,54.32579989842559,8,"May 06, 2016",PC (Microsoft Windows),Worldwide
105,Dead Effect 2,54.32579989842559,8,Jun 2016,Xbox One,Worldwide
105,Dead Effect 2,54.32579989842559,8,Jun 2016,PlayStation 4,Worldwide
105,Dead Effect 2,54.32579989842559,8,"Jan 17, 2017",PlayStation 4,North America
105,Dead Effect 2,54.32579989842559,8,"Oct 28, 2015",Android,Australia
105,Dead Effect 2,54.32579989842559,8,"Jan 13, 2017",Xbox One,North America
105,Dead Effect 2,54.32579989842559,8,"Nov 18, 2021",Nintendo Switch,North America
105,Dead Effect 2,54.32579989842559,8,"Nov 11, 2021",Nintendo Switch,Europe
106,The Guild 3,59.3083623245374,8,"Sep 26, 2017",PC (Microsoft Windows),Worldwide
106,The Guild 3,59.3083623245374,8,"Jun 14, 2022",PC (Microsoft Windows),Worldwide
107,Interstellar Marines,39.70762760263374,8,"Jun 06, 2014",Linux,Worldwide
107,Interstellar Marines,39.70762760263374,8,"Jul 02, 2013",Mac,Worldwide
107,Interstellar Marines,39.70762760263374,8,"Jul 02, 2013",PC (Microsoft Windows),Worldwide
108,The Coffin of Andy and Leyley,74.32765544938374,7,"Oct 13, 2023",PC (Microsoft Windows),Worldwide
108,The Coffin of Andy and Leyley,74.32765544938374,7,"Oct 13, 2023",PC (Microsoft Windows),Worldwide
109,Soulstone Survivors,74.81166094561975,7,"Nov 07, 2022",PC (Microsoft Windows),Worldwide
110,Lightyear Frontier,34.60674157303371,7,TBD,PC (Microsoft Windows),Worldwide
110,Lightyear Frontier,34.60674157303371,7,"Mar 19, 2024",PC (Microsoft Windows),Worldwide
110,Lightyear Frontier,34.60674157303371,7,"Mar 19, 2024",Xbox One,Worldwide
110,Lightyear Frontier,34.60674157303371,7,"Mar 19, 2024",Xbox Series X|S,Worldwide
111,Age of Darkness: Final Stand,70.80317539589043,7,"Oct 07, 2021",PC (Microsoft Windows),Worldwide
111,Age of Darkness: Final Stand,70.80317539589043,7,Q4 2024,PC (Microsoft Windows),Worldwide
112,Mad Games Tycoon 2,71.13177779651197,7,"Jan 21, 2021",PC (Microsoft Windows),Worldwide
112,Mad Games Tycoon 2,71.13177779651197,7,"May 31, 2023",PC (Microsoft Windows),Worldwide
112,Mad Games Tycoon 2,71.13177779651197,7,"Jan 21, 2021",Mac,Worldwide
112,Mad Games Tycoon 2,71.13177779651197,7,"May 31, 2023",Mac,Worldwide
113,Foundry,86.20689655172414,7,"May 02, 2024",PC (Microsoft Windows),Worldwide
114,Tiny Bunny,71.41721795289932,7,"Apr 16, 2021",PC (Microsoft Windows),Worldwide
115,Timberborn,71.91697415473745,7,"Sep 15, 2021",Mac,Worldwide
115,Timberborn,71.91697415473745,7,"Sep 15, 2021",PC (Microsoft Windows),Worldwide
115,Timberborn,71.91697415473745,7,TBD,PC (Microsoft Windows),Worldwide
116,Atlas,58.89921777576238,7,"Oct 08, 2019",Xbox One,Worldwide
116,Atlas,58.89921777576238,7,"Dec 22, 2018",PC (Microsoft Windows),Worldwide
117,Torque Drift,90.0,7,"Mar 24, 2020",PC (Microsoft Windows),Worldwide
118,Legion TD 2,51.16048146568269,7,"Nov 20, 2017",Mac,Worldwide
118,Legion TD 2,51.16048146568269,7,"Oct 01, 2021",Mac,Worldwide
118,Legion TD 2,51.16048146568269,7,"Nov 20, 2017",PC (Microsoft Windows),Worldwide
118,Legion TD 2,51.16048146568269,7,"Oct 01, 2021",PC (Microsoft Windows),Worldwide
119,Infinite Minigolf,62.66666666666666,7,"Oct 06, 2016",PC (Microsoft Windows),Worldwide
119,Infinite Minigolf,62.66666666666666,7,"Jul 25, 2017",PC (Microsoft Windows),North America
119,Infinite Minigolf,62.66666666666666,7,"Jul 24, 2017",Nintendo Switch,Worldwide
119,Infinite Minigolf,62.66666666666666,7,"Jul 25, 2017",PlayStation 4,Europe
119,Infinite Minigolf,62.66666666666666,7,"Jul 25, 2017",PlayStation 4,North America
119,Infinite Minigolf,62.66666666666666,7,"Jul 28, 2017",Nintendo Switch,North America
119,Infinite Minigolf,62.66666666666666,7,"Jul 25, 2017",Xbox One,North America
120,Stationeers,95.20050654284509,7,"Dec 12, 2017",PC (Microsoft Windows),Worldwide
121,Death Trash,68.52367872511509,7,"Aug 05, 2021",Linux,Worldwide
121,Death Trash,68.52367872511509,7,"Aug 05, 2021",Mac,Worldwide
121,Death Trash,68.52367872511509,7,"Aug 05, 2021",PC (Microsoft Windows),Worldwide
121,Death Trash,68.52367872511509,7,2025,PC (Microsoft Windows),Worldwide
121,Death Trash,68.52367872511509,7,2025,Linux,Worldwide
121,Death Trash,68.52367872511509,7,2025,Mac,Worldwide
122,Grav,56.24543788632251,7,"Jan 08, 2015",PC (Microsoft Windows),Worldwide
123,Blockade 3D,59.81505490544451,7,"Nov 05, 2014",PC (Microsoft Windows),Worldwide
124,Of Guards and Thieves,58.56139364990166,7,"Jun 03, 2014",PC (Microsoft Windows),Worldwide
125,Between Me and the Night,77.27534502733315,7,"Jan 22, 2016",PC (Microsoft Windows),Worldwide
125,Between Me and the Night,77.27534502733315,7,"Jan 22, 2016",Mac,Worldwide
126,Project: Playtime,53.33333333333333,6,"Dec 12, 2022",PC (Microsoft Windows),Worldwide
127,Yet Another Zombie Survivors,80.01239517362927,6,"Jul 13, 2023",PC (Microsoft Windows),Worldwide
128,Shatterline,79.82540790582537,6,"Sep 08, 2022",PC (Microsoft Windows),Worldwide
129,The Anacrusis,53.60345222633449,6,"Jan 13, 2022",PC (Microsoft Windows),Worldwide
129,The Anacrusis,53.60345222633449,6,"Dec 05, 2023",PC (Microsoft Windows),Worldwide
129,The Anacrusis,53.60345222633449,6,"Jan 13, 2022",Xbox One,North America
129,The Anacrusis,53.60345222633449,6,"Jan 13, 2022",Xbox Series X|S,North America
130,Farthest Frontier,79.98012175425518,6,"Aug 09, 2022",PC (Microsoft Windows),Worldwide
131,Manor Lords,71.40392597690112,6,"Apr 26, 2024",PC (Microsoft Windows),Worldwide
132,All Over,83.33333333333334,6,"Apr 06, 2020",PC (Microsoft Windows),Worldwide
133,Orbital Bullet,70.42121316700332,6,"Apr 22, 2021",PC (Microsoft Windows),Worldwide
133,Orbital Bullet,70.42121316700332,6,"Nov 10, 2022",Nintendo Switch,Worldwide
133,Orbital Bullet,70.42121316700332,6,"Jun 09, 2023",PlayStation 4,Worldwide
133,Orbital Bullet,70.42121316700332,6,"Jul 14, 2023",Xbox One,North America
134,Firestone Idle RPG,47.06422018348624,6,"Sep 26, 2019",Linux,Worldwide
134,Firestone Idle RPG,47.06422018348624,6,"Apr 01, 2024",Linux,Worldwide
134,Firestone Idle RPG,47.06422018348624,6,"Sep 26, 2019",Mac,Worldwide
134,Firestone Idle RPG,47.06422018348624,6,"Apr 01, 2024",Mac,Worldwide
134,Firestone Idle RPG,47.06422018348624,6,"Sep 26, 2019",PC (Microsoft Windows),Worldwide
134,Firestone Idle RPG,47.06422018348624,6,"Apr 01, 2024",PC (Microsoft Windows),Worldwide
135,Trials of Fire,75.83333333333334,6,"May 03, 2019",PC (Microsoft Windows),Worldwide
136,War Selection,62.2308979364194,6,"Oct 08, 2019",PC (Microsoft Windows),Worldwide
137,Deeeer Simulator,62.07143660752438,6,"Jan 21, 2020",PC (Microsoft Windows),Worldwide
137,Deeeer Simulator,62.07143660752438,6,"Jan 20, 2020",PC (Microsoft Windows),North America
137,Deeeer Simulator,62.07143660752438,6,"Nov 25, 2021",PlayStation 4,Worldwide
137,Deeeer Simulator,62.07143660752438,6,"Nov 25, 2021",Xbox One,Worldwide
137,Deeeer Simulator,62.07143660752438,6,"Nov 25, 2021",Nintendo Switch,Worldwide
137,Deeeer Simulator,62.07143660752438,6,"Nov 24, 2021",Nintendo Switch,Europe
137,Deeeer Simulator,62.07143660752438,6,"Nov 23, 2021",Xbox One,North America
137,Deeeer Simulator,62.07143660752438,6,"Nov 23, 2021",Xbox Series X|S,North America
138,Workers & Resources: Soviet Republic,68.50416764302213,6,"Mar 15, 2019",PC (Microsoft Windows),Worldwide
139,Half-Life: Uplink,70.08421892086201,6,"Feb 12, 1999",PC (Microsoft Windows),Worldwide
139,Half-Life: Uplink,70.08421892086201,6,"Jun 06, 2002",PlayStation 2,North America
140,Maximum Action,63.80596290181607,6,"Sep 19, 2018",PC (Microsoft Windows),Worldwide
141,Pandemic: The Board Game,61.13560829183328,6,"Oct 03, 2013",iOS,Worldwide
141,Pandemic: The Board Game,61.13560829183328,6,"Aug 01, 2019",Nintendo Switch,North America
141,Pandemic: The Board Game,61.13560829183328,6,"Aug 01, 2019",Xbox One,Worldwide
141,Pandemic: The Board Game,61.13560829183328,6,"Aug 24, 2018",PC (Microsoft Windows),Worldwide
142,PixArk,71.30528907377536,6,"May 31, 2019",Nintendo Switch,Worldwide
142,PixArk,71.30528907377536,6,"May 31, 2019",Xbox One,Worldwide
142,PixArk,71.30528907377536,6,"May 31, 2019",PlayStation 4,Worldwide
142,PixArk,71.30528907377536,6,"Mar 27, 2018",PC (Microsoft Windows),Worldwide
143,Gene Shift Auto,69.95083232193197,6,"May 23, 2017",PC (Microsoft Windows),Worldwide
143,Gene Shift Auto,69.95083232193197,6,"May 23, 2017",Linux,Worldwide
143,Gene Shift Auto,69.95083232193197,6,"May 23, 2017",PC (Microsoft Windows),North America
144,Demonologist,55.71428571428571,5,"Mar 27, 2023",PC (Microsoft Windows),Worldwide
145,Nightingale,61.34468910123252,5,"Feb 20, 2024",PC (Microsoft Windows),Worldwide
145,Nightingale,61.34468910123252,5,TBD,PC (Microsoft Windows),Worldwide
146,Turing Complete,83.37078651685394,5,"Oct 02, 2021",PC (Microsoft Windows),Worldwide
146,Turing Complete,83.37078651685394,5,"Oct 02, 2021",Linux,Worldwide
146,Turing Complete,83.37078651685394,5,"Oct 02, 2021",Mac,Worldwide
147,Dominion,90.07874015748031,5,"Oct 07, 2021",Android,Worldwide
147,Dominion,90.07874015748031,5,TBD,iOS,Worldwide
147,Dominion,90.07874015748031,5,"Oct 07, 2021",Android,Worldwide
147,Dominion,90.07874015748031,5,TBD,iOS,Worldwide
147,Dominion,90.07874015748031,5,"Oct 07, 2021",PC (Microsoft Windows),Worldwide
147,Dominion,90.07874015748031,5,"Feb 01, 2024",PC (Microsoft Windows),Worldwide
148,Anvil Saga,67.72131316470231,5,"Jun 22, 2022",PC (Microsoft Windows),Worldwide
149,IdleOn: The Idle MMO,60.14821496751836,5,"Apr 02, 2021",PC (Microsoft Windows),Worldwide
149,IdleOn: The Idle MMO,60.14821496751836,5,"Nov 09, 2020",Android,Worldwide
149,IdleOn: The Idle MMO,60.14821496751836,5,"Nov 12, 2020",PC (Microsoft Windows),Worldwide
149,IdleOn: The Idle MMO,60.14821496751836,5,TBD,iOS,Worldwide
150,Population: One,96.0,5,"Oct 22, 2020",Oculus VR,Worldwide
150,Population: One,96.0,5,"Oct 22, 2020",SteamVR,Worldwide
150,Population: One,96.0,5,"Oct 22, 2020",Oculus Quest,Worldwide
150,Population: One,96.0,5,"Oct 22, 2020",Meta Quest 2,Worldwide
151,Hokko Life,43.0,5,"Jun 02, 2021",PC (Microsoft Windows),Worldwide
151,Hokko Life,43.0,5,"Sep 27, 2022",Nintendo Switch,Worldwide
151,Hokko Life,43.0,5,"Sep 27, 2022",PlayStation 4,Worldwide
151,Hokko Life,43.0,5,"Sep 27, 2022",Xbox One,Worldwide
152,Hunter's Arena: Legends,51.0809954501272,5,"Jul 15, 2020",PC (Microsoft Windows),Worldwide
152,Hunter's Arena: Legends,51.0809954501272,5,"Aug 03, 2021",PlayStation 4,Worldwide
152,Hunter's Arena: Legends,51.0809954501272,5,"Aug 06, 2021",PlayStation 5,Worldwide
153,Going Medieval,61.75159575149583,5,"Jun 01, 2021",PC (Microsoft Windows),Worldwide
154,Dungeon of Dragon Knight,46.62921348314606,5,"Jul 10, 2019",PC (Microsoft Windows),Worldwide
154,Dungeon of Dragon Knight,46.62921348314606,5,"Jul 10, 2019",Mac,Worldwide
155,Size Matters,50.84093736992634,5,"Nov 20, 2019",PC (Microsoft Windows),Worldwide
155,Size Matters,50.84093736992634,5,"May 10, 2023",Xbox One,North America
156,Drunken Wrestlers 2,76.0,5,"Apr 01, 2019",PC (Microsoft Windows),Worldwide
157,Vegas Infinite by PokerStars,88.0,5,"Nov 01, 2019",Oculus VR,Worldwide
157,Vegas Infinite by PokerStars,88.0,5,"Jan 28, 2021",PlayStation VR,Worldwide
157,Vegas Infinite by PokerStars,88.0,5,"May 17, 2019",Oculus Quest,Worldwide
157,Vegas Infinite by PokerStars,88.0,5,"May 17, 2019",Meta Quest 2,Worldwide
157,Vegas Infinite by PokerStars,88.0,5,"May 27, 2023",PlayStation VR2,Worldwide
157,Vegas Infinite by PokerStars,88.0,5,"Nov 08, 2018",PC (Microsoft Windows),Worldwide
157,Vegas Infinite by PokerStars,88.0,5,"Nov 08, 2018",SteamVR,Worldwide
158,Scarf,66.4,5,"Dec 23, 2021",PC (Microsoft Windows),Worldwide
158,Scarf,66.4,5,"Jul 06, 2023",PlayStation 4,Worldwide
158,Scarf,66.4,5,"Jul 06, 2023",PlayStation 5,Worldwide
158,Scarf,66.4,5,"Jul 06, 2023",Xbox One,Worldwide
158,Scarf,66.4,5,"Jul 06, 2023",Xbox Series X|S,Worldwide
158,Scarf,66.4,5,"Jul 06, 2023",Xbox One,North America
158,Scarf,66.4,5,"Jul 06, 2023",Xbox Series X|S,North America
159,Among Trees,69.54784831221782,5,"Jun 13, 2020",PC (Microsoft Windows),Worldwide
160,Space Haven,63.80323791759334,5,"May 21, 2020",PC (Microsoft Windows),Worldwide
160,Space Haven,63.80323791759334,5,"May 21, 2020",Mac,North America
160,Space Haven,63.80323791759334,5,"May 21, 2020",Linux,North America
161,Headsnatchers,47.78376298576376,5,"Jul 24, 2018",PC (Microsoft Windows),Worldwide
161,Headsnatchers,47.78376298576376,5,"Nov 07, 2019",Nintendo Switch,Worldwide
161,Headsnatchers,47.78376298576376,5,"Jul 28, 2020",PlayStation 4,Worldwide
162,The Lord of the Rings: Adventure Card Game,68.92047568695789,5,"Aug 08, 2019",Nintendo Switch,Worldwide
162,The Lord of the Rings: Adventure Card Game,68.92047568695789,5,"Aug 08, 2019",PlayStation 4,Worldwide
162,The Lord of the Rings: Adventure Card Game,68.92047568695789,5,"Aug 08, 2019",Xbox One,Worldwide
162,The Lord of the Rings: Adventure Card Game,68.92047568695789,5,"Aug 29, 2019",Linux,Worldwide
162,The Lord of the Rings: Adventure Card Game,68.92047568695789,5,"Nov 04, 2019",Nintendo Switch,Europe
162,The Lord of the Rings: Adventure Card Game,68.92047568695789,5,"Jan 28, 2018",PC (Microsoft Windows),Worldwide
162,The Lord of the Rings: Adventure Card Game,68.92047568695789,5,"Jan 28, 2018",Mac,Worldwide
163,Witchfire,49.69721893740783,5,"Sep 20, 2023",PC (Microsoft Windows),Worldwide
164,Computer Tycoon,68.4416367775665,5,"Oct 12, 2017",PC (Microsoft Windows),Worldwide
164,Computer Tycoon,68.4416367775665,5,"Oct 12, 2017",Mac,Worldwide
165,Desolate,76.41030041246324,5,"Jan 17, 2019",PC (Microsoft Windows),Worldwide
166,Bio Inc. Redemption,70.0,5,"May 18, 2017",PC (Microsoft Windows),Worldwide
166,Bio Inc. Redemption,70.0,5,"Feb 27, 2024",PlayStation 4,Worldwide
166,Bio Inc. Redemption,70.0,5,"Feb 27, 2024",PlayStation 5,Worldwide
166,Bio Inc. Redemption,70.0,5,"Feb 27, 2024",Xbox One,Worldwide
166,Bio Inc. Redemption,70.0,5,"Feb 27, 2024",Xbox Series X|S,Worldwide
166,Bio Inc. Redemption,70.0,5,"Mar 14, 2024",Nintendo Switch,Worldwide
167,AdventureQuest 3D,63.14621339834339,5,"Oct 19, 2016",PC (Microsoft Windows),Worldwide
167,AdventureQuest 3D,63.14621339834339,5,"Oct 19, 2016",Mac,Worldwide
167,AdventureQuest 3D,63.14621339834339,5,"Oct 19, 2016",iOS,Worldwide
167,AdventureQuest 3D,63.14621339834339,5,"Oct 19, 2016",Android,Worldwide
168,Paranormal Activity: The Lost Soul,69.02774897875744,5,"Sep 09, 2021",Oculus Quest,Worldwide
168,Paranormal Activity: The Lost Soul,69.02774897875744,5,"Sep 09, 2021",Meta Quest 2,Worldwide
168,Paranormal Activity: The Lost Soul,69.02774897875744,5,"Aug 15, 2017",Oculus Rift,Worldwide
168,Paranormal Activity: The Lost Soul,69.02774897875744,5,"Aug 15, 2017",PlayStation VR,Worldwide
168,Paranormal Activity: The Lost Soul,69.02774897875744,5,"Aug 15, 2017",SteamVR,Worldwide
168,Paranormal Activity: The Lost Soul,69.02774897875744,5,"Mar 20, 2018",PlayStation 4,Worldwide
168,Paranormal Activity: The Lost Soul,69.02774897875744,5,"Mar 20, 2018",PC (Microsoft Windows),Worldwide
169,Tower Unite,80.81601636208076,5,"Apr 08, 2016",PC (Microsoft Windows),Worldwide
170,WWII Online,72.5,5,2018,Mac,Worldwide
170,WWII Online,72.5,5,2018,PC (Microsoft Windows),Worldwide
171,Chime Sharp,78.16666666666666,5,"Oct 04, 2015",PC (Microsoft Windows),Worldwide
171,Chime Sharp,78.16666666666666,5,"Oct 04, 2015",Mac,Worldwide
171,Chime Sharp,78.16666666666666,5,"Oct 04, 2015",Linux,Worldwide
171,Chime Sharp,78.16666666666666,5,"Feb 21, 2017",PlayStation 4,North America
171,Chime Sharp,78.16666666666666,5,"Jul 19, 2016",PC (Microsoft Windows),North America
171,Chime Sharp,78.16666666666666,5,"Feb 24, 2017",Xbox One,North America
171,Chime Sharp,78.16666666666666,5,"May 28, 2019",Nintendo Switch,North America
172,StarCrawlers,70.03088533873589,5,"May 23, 2017",Linux,Worldwide
172,StarCrawlers,70.03088533873589,5,"May 23, 2017",PC (Microsoft Windows),Worldwide
172,StarCrawlers,70.03088533873589,5,"May 23, 2017",Mac,Worldwide
173,Bang-On Balls: Chronicles,80.0,4,"Oct 05, 2023",PC (Microsoft Windows),Worldwide
173,Bang-On Balls: Chronicles,80.0,4,"Oct 05, 2023",Nintendo Switch,Worldwide
173,Bang-On Balls: Chronicles,80.0,4,"Oct 05, 2023",PlayStation 4,Worldwide
173,Bang-On Balls: Chronicles,80.0,4,"Oct 05, 2023",Xbox One,Worldwide
173,Bang-On Balls: Chronicles,80.0,4,"Mar 03, 2021",PC (Microsoft Windows),Worldwide
173,Bang-On Balls: Chronicles,80.0,4,"Mar 05, 2024",PlayStation 5,Worldwide
173,Bang-On Balls: Chronicles,80.0,4,"Mar 05, 2024",Xbox Series X|S,Worldwide
174,The Long Drive,60.0,4,"Sep 25, 2019",PC (Microsoft Windows),Worldwide
175,Black Skylands,80.0,4,"Jun 09, 2021",PC (Microsoft Windows),Worldwide
175,Black Skylands,80.0,4,"Aug 15, 2023",Nintendo Switch,Worldwide
175,Black Skylands,80.0,4,"Aug 15, 2023",PC (Microsoft Windows),Worldwide
175,Black Skylands,80.0,4,"Aug 15, 2023",PlayStation 4,Worldwide
175,Black Skylands,80.0,4,"Aug 15, 2023",PlayStation 5,Worldwide
175,Black Skylands,80.0,4,"Aug 15, 2023",Xbox Series X|S,Worldwide
175,Black Skylands,80.0,4,"Jul 31, 2021",Xbox One,Worldwide
176,Gamecraft,60.0,4,"Oct 25, 2019",PC (Microsoft Windows),Worldwide
177,Shortest Trip to Earth,64.83333333333334,4,"Oct 09, 2018",PC (Microsoft Windows),Worldwide
178,Mist Survival,80.0,4,"Aug 14, 2018",PC (Microsoft Windows),Worldwide
179,Meow Motors,65.5,4,"Jun 04, 2018",PC (Microsoft Windows),Worldwide
179,Meow Motors,65.5,4,"Aug 02, 2019",Xbox One,Worldwide
179,Meow Motors,65.5,4,"May 08, 2019",Nintendo Switch,North America
179,Meow Motors,65.5,4,"Nov 02, 2018",PC (Microsoft Windows),North America
179,Meow Motors,65.5,4,"Feb 12, 2019",PlayStation 4,North America
179,Meow Motors,65.5,4,"Feb 22, 2019",PlayStation 4,Europe
180,Mars Horizon,80.0,4,"Nov 17, 2020",PC (Microsoft Windows),Worldwide
180,Mars Horizon,80.0,4,"Nov 17, 2020",Nintendo Switch,Worldwide
180,Mars Horizon,80.0,4,"Nov 17, 2020",Xbox One,Worldwide
180,Mars Horizon,80.0,4,"Nov 17, 2020",PlayStation 4,Worldwide
180,Mars Horizon,80.0,4,"Nov 16, 2020",Nintendo Switch,Europe
180,Mars Horizon,80.0,4,"Nov 17, 2020",Mac,Worldwide
181,The Coin Game,70.0,4,"Feb 22, 2019",PC (Microsoft Windows),Worldwide
182,Chinese Parents,80.0,4,"Sep 29, 2018",PC (Microsoft Windows),Worldwide
182,Chinese Parents,80.0,4,"Aug 20, 2020",Nintendo Switch,North America
182,Chinese Parents,80.0,4,"Aug 19, 2020",Nintendo Switch,Europe
182,Chinese Parents,80.0,4,"Sep 28, 2018",PC (Microsoft Windows),Worldwide
182,Chinese Parents,80.0,4,"Sep 28, 2018",Mac,Worldwide
183,Fault: Elder Orb,50.0,4,"Jul 17, 2020",PC (Microsoft Windows),Worldwide
184,Yorkshire Gubbins,79.0,4,Oct 2017,PC (Microsoft Windows),Worldwide
184,Yorkshire Gubbins,79.0,4,Oct 2017,Mac,Worldwide
184,Yorkshire Gubbins,79.0,4,Oct 2017,Linux,Worldwide
185,Rise to Ruins,80.0,4,"Oct 27, 2014",PC (Microsoft Windows),Worldwide
185,Rise to Ruins,80.0,4,"Oct 27, 2014",Mac,Worldwide
185,Rise to Ruins,80.0,4,"Oct 27, 2014",Linux,Worldwide
186,Knockout League,76.0,4,"Jan 24, 2017",PC (Microsoft Windows),Worldwide
186,Knockout League,76.0,4,"Mar 08, 2018",PlayStation 4,Worldwide
186,Knockout League,76.0,4,"Oct 17, 2019",Oculus VR,Worldwide
186,Knockout League,76.0,4,"Jan 24, 2017",SteamVR,Worldwide
186,Knockout League,76.0,4,"Oct 17, 2019",Oculus Quest,Worldwide
186,Knockout League,76.0,4,"Oct 17, 2019",Meta Quest 2,Worldwide
187,Long Gone Days,72.0,4,"Oct 10, 2023",PC (Microsoft Windows),Worldwide
187,Long Gone Days,72.0,4,"Oct 10, 2023",Mac,Worldwide
187,Long Gone Days,72.0,4,"Oct 10, 2023",Nintendo Switch,Worldwide
187,Long Gone Days,72.0,4,"Oct 10, 2023",PlayStation 5,Worldwide
187,Long Gone Days,72.0,4,"Oct 10, 2023",PlayStation 4,Worldwide
187,Long Gone Days,72.0,4,"Oct 10, 2023",Linux,Worldwide
188,Guild Quest,60.0,4,"Jan 26, 2017",PC (Microsoft Windows),Worldwide
188,Guild Quest,60.0,4,"Jan 26, 2017",Mac,Worldwide
188,Guild Quest,60.0,4,"Jan 26, 2017",PC (Microsoft Windows),North America
188,Guild Quest,60.0,4,"Jan 26, 2017",Mac,North America
189,Derail Valley,80.0,4,"Jan 25, 2019",SteamVR,Worldwide
189,Derail Valley,80.0,4,"Jan 25, 2019",PC (Microsoft Windows),Worldwide
189,Derail Valley,80.0,4,"Jan 25, 2019",Oculus VR,Worldwide
190,Terroir,60.0,4,"May 17, 2017",PC (Microsoft Windows),Worldwide
190,Terroir,60.0,4,"May 17, 2017",Mac,Worldwide
191,Pocket Rumble,62.5,4,"Jul 05, 2018",Nintendo Switch,Worldwide
191,Pocket Rumble,62.5,4,"Feb 01, 2016",PC (Microsoft Windows),Worldwide
192,Can't Drive This,50.0,4,"Sep 26, 2016",PC (Microsoft Windows),Europe
192,Can't Drive This,50.0,4,"Sep 26, 2016",Mac,Europe
192,Can't Drive This,50.0,4,"Sep 26, 2016",Linux,Europe
192,Can't Drive This,50.0,4,"Jul 31, 2016",PC (Microsoft Windows),North America
192,Can't Drive This,50.0,4,"Mar 19, 2021",PlayStation 5,Worldwide
192,Can't Drive This,50.0,4,"Mar 19, 2021",PlayStation 4,Worldwide
192,Can't Drive This,50.0,4,"Mar 19, 2021",Xbox One,Worldwide
192,Can't Drive This,50.0,4,"Mar 19, 2021",Nintendo Switch,Worldwide
192,Can't Drive This,50.0,4,"Mar 18, 2021",Nintendo Switch,Europe
193,Windscape,66.16666666666667,4,"Mar 27, 2019",Nintendo Switch,Worldwide
193,Windscape,66.16666666666667,4,"Mar 27, 2019",Xbox One,Worldwide
193,Windscape,66.16666666666667,4,"Mar 27, 2019",PC (Microsoft Windows),Worldwide
194,Volo Airsport,50.0,4,"Sep 04, 2014",PC (Microsoft Windows),Worldwide
194,Volo Airsport,50.0,4,"Sep 04, 2014",Mac,Worldwide
194,Volo Airsport,50.0,4,"Sep 04, 2014",Linux,Worldwide
195,Salt,80.0,4,"Feb 06, 2018",PC (Microsoft Windows),Worldwide
196,Automation: The Car Company Tycoon Game,80.0,4,"Mar 12, 2015",PC (Microsoft Windows),Worldwide
197,The Way of Life,66.16795317036319,4,"Dec 29, 2014",PC (Microsoft Windows),Worldwide
197,The Way of Life,66.16795317036319,4,"Dec 29, 2014",Mac,Worldwide
197,The Way of Life,66.16795317036319,4,"Dec 29, 2014",Linux,Worldwide
198,Medieval Engineers,60.0,4,"Feb 19, 2015",PC (Microsoft Windows),Worldwide
199,Secrets of Grindea,80.0,4,"Jul 13, 2015",PC (Microsoft Windows),Worldwide
199,Secrets of Grindea,80.0,4,"Feb 29, 2024",PC (Microsoft Windows),Worldwide
200,Realms of Arkania: Star Trail,50.0,4,Sep 1994,DOS,Europe
200,Realms of Arkania: Star Trail,50.0,4,Oct 1994,DOS,North America
200,Realms of Arkania: Star Trail,50.0,4,"Jan 10, 2014",PC (Microsoft Windows),Worldwide
200,Realms of Arkania: Star Trail,50.0,4,"Mar 14, 2014",Mac,Worldwide
200,Realms of Arkania: Star Trail,50.0,4,"Mar 14, 2014",Linux,Worldwide
201,Stranded: Alien Dawn,83.66666666666667,3,"Oct 12, 2022",PC (Microsoft Windows),Worldwide
201,Stranded: Alien Dawn,83.66666666666667,3,"Apr 25, 2023",PC (Microsoft Windows),Worldwide
201,Stranded: Alien Dawn,83.66666666666667,3,"Apr 25, 2023",PlayStation 4,Worldwide
201,Stranded: Alien Dawn,83.66666666666667,3,"Apr 25, 2023",PlayStation 5,Worldwide
201,Stranded: Alien Dawn,83.66666666666667,3,"Apr 25, 2023",Xbox Series X|S,Worldwide
201,Stranded: Alien Dawn,83.66666666666667,3,"Apr 25, 2023",Xbox One,Worldwide
201,Stranded: Alien Dawn,83.66666666666667,3,"May 09, 2023",Xbox One,North America
201,Stranded: Alien Dawn,83.66666666666667,3,"May 09, 2023",Xbox Series X|S,North America
202,Power Chord,60.0,3,"Jan 26, 2023",PC (Microsoft Windows),Worldwide
203,Instruments of Destruction,87.0,3,"Mar 02, 2022",PC (Microsoft Windows),Worldwide
203,Instruments of Destruction,87.0,3,"May 10, 2024",PC (Microsoft Windows),Worldwide
204,Tinker Racers,70.0,3,"Mar 25, 2021",PlayStation 4,Worldwide
204,Tinker Racers,70.0,3,"Mar 25, 2021",Nintendo Switch,North America
204,Tinker Racers,70.0,3,"Mar 25, 2021",Xbox One,North America
204,Tinker Racers,70.0,3,"Mar 25, 2021",Nintendo Switch,Europe
204,Tinker Racers,70.0,3,"Mar 01, 2020",PC (Microsoft Windows),Worldwide
205,The Political Process,80.0,3,"Nov 22, 2019",PC (Microsoft Windows),Worldwide
206,10 Miles to Safety,80.0,3,"Oct 21, 2019",PC (Microsoft Windows),Worldwide
207,Hot Shot Burn,70.0,3,"Aug 15, 2019",PC (Microsoft Windows),Worldwide
207,Hot Shot Burn,70.0,3,"Oct 01, 2020",Nintendo Switch,North America
207,Hot Shot Burn,70.0,3,"Sep 30, 2020",Nintendo Switch,Europe
208,Quantum League,71.0,3,TBD,Nintendo Switch,Worldwide
208,Quantum League,71.0,3,"Apr 15, 2021",PC (Microsoft Windows),Worldwide
209,A Year of Rain,50.0,3,"Nov 06, 2019",PC (Microsoft Windows),Worldwide
210,Rogue Star Rescue,70.0,3,"Mar 08, 2019",Mac,Worldwide
210,Rogue Star Rescue,70.0,3,"Mar 08, 2019",PC (Microsoft Windows),Worldwide
210,Rogue Star Rescue,70.0,3,"Mar 08, 2019",Linux,Worldwide
210,Rogue Star Rescue,70.0,3,"Jul 15, 2021",Nintendo Switch,North America
210,Rogue Star Rescue,70.0,3,"Jul 15, 2021",Nintendo Switch,Europe
210,Rogue Star Rescue,70.0,3,"Jun 15, 2022",Xbox One,North America
211,Blazing Sails,80.0,3,"Nov 05, 2020",PC (Microsoft Windows),Worldwide
212,Mystic Vale,75.0,3,"Jan 31, 2020",PC (Microsoft Windows),Worldwide
212,Mystic Vale,75.0,3,"Mar 12, 2020",Nintendo Switch,Worldwide
212,Mystic Vale,75.0,3,"Jun 06, 2019",iOS,Worldwide
212,Mystic Vale,75.0,3,"Mar 11, 2020",Nintendo Switch,Europe
212,Mystic Vale,75.0,3,"Jun 06, 2019",Android,Worldwide
213,Nanotale: Typing Chronicles,65.0,3,"Oct 23, 2019",PC (Microsoft Windows),Worldwide
213,Nanotale: Typing Chronicles,65.0,3,"Mar 31, 2021",Google Stadia,Worldwide
214,Down to Hell,45.0,3,"Apr 18, 2019",PC (Microsoft Windows),Worldwide
214,Down to Hell,45.0,3,"Dec 23, 2019",Nintendo Switch,North America
214,Down to Hell,45.0,3,"Dec 23, 2019",Nintendo Switch,Europe
215,Tapsonic Bold,25.0,3,"Mar 29, 2019",PC (Microsoft Windows),Worldwide
216,Beasts of Bermuda,50.0,3,"Dec 21, 2018",PC (Microsoft Windows),Worldwide
217,Rising Hell,70.0,3,"May 20, 2021",Xbox One,Worldwide
217,Rising Hell,70.0,3,"May 20, 2021",Nintendo Switch,Worldwide
217,Rising Hell,70.0,3,"May 20, 2021",PlayStation 4,Worldwide
217,Rising Hell,70.0,3,"May 21, 2021",Xbox One,North America
217,Rising Hell,70.0,3,"May 19, 2021",Nintendo Switch,Europe
217,Rising Hell,70.0,3,"Oct 17, 2019",PC (Microsoft Windows),Worldwide
218,The Waylanders,60.0,3,"Jun 16, 2020",PC (Microsoft Windows),Worldwide
218,The Waylanders,60.0,3,"Feb 02, 2022",PC (Microsoft Windows),Worldwide
219,Factory Town,70.0,3,"May 12, 2019",PC (Microsoft Windows),Worldwide
220,Deadly Days,60.0,3,"Aug 27, 2020",Nintendo Switch,North America
220,Deadly Days,60.0,3,"Aug 03, 2021",PlayStation 4,Europe
220,Deadly Days,60.0,3,"Aug 03, 2021",PlayStation 4,Australia
220,Deadly Days,60.0,3,"Aug 04, 2021",PlayStation 4,North America
220,Deadly Days,60.0,3,"Aug 03, 2021",Xbox One,North America
220,Deadly Days,60.0,3,"Aug 27, 2020",Nintendo Switch,Europe
220,Deadly Days,60.0,3,"Sep 19, 2019",PC (Microsoft Windows),Worldwide
220,Deadly Days,60.0,3,"Sep 19, 2019",Mac,Worldwide
220,Deadly Days,60.0,3,"Sep 19, 2019",Linux,Worldwide
221,Clicker Heroes 2,60.0,3,2018,PC (Microsoft Windows),Worldwide
221,Clicker Heroes 2,60.0,3,2018,Mac,Worldwide
222,Fugl,71.5,3,"Sep 14, 2017",PC (Microsoft Windows),Worldwide
222,Fugl,71.5,3,"Sep 14, 2017",Mac,Worldwide
222,Fugl,71.5,3,"Sep 14, 2017",Linux,Worldwide
223,Intruder,80.0,3,"Mar 01, 2019",PC (Microsoft Windows),Worldwide
224,Cogmind,80.0,3,"Oct 16, 2017",PC (Microsoft Windows),Worldwide
225,Null Vector,78.5,3,"May 03, 2018",PC (Microsoft Windows),Worldwide
226,Broke Protocol: Online City RPG,50.0,3,"Aug 26, 2017",PC (Microsoft Windows),Worldwide
227,Guns'n'Stories: Bulletproof VR,71.5,3,"Aug 25, 2017",PC (Microsoft Windows),Worldwide
227,Guns'n'Stories: Bulletproof VR,71.5,3,"Apr 02, 2020",Oculus Quest,Worldwide
227,Guns'n'Stories: Bulletproof VR,71.5,3,"Dec 11, 2018",PlayStation VR,Europe
227,Guns'n'Stories: Bulletproof VR,71.5,3,"Dec 07, 2018",PlayStation VR,Europe
228,CAT Interstellar,60.0,3,"Aug 28, 2015",PC (Microsoft Windows),Worldwide
228,CAT Interstellar,60.0,3,"Aug 28, 2015",Linux,Worldwide
228,CAT Interstellar,60.0,3,"Dec 19, 2017",PlayStation 4,Worldwide
229,Head Shot,50.0,3,"Jun 03, 2016",PC (Microsoft Windows),Worldwide
230,UBoat,60.0,3,"Apr 30, 2019",PC (Microsoft Windows),Worldwide
230,UBoat,60.0,3,"Apr 30, 2019",Mac,Worldwide
231,Atomic Society,70.0,3,"Oct 15, 2018",PC (Microsoft Windows),Worldwide
232,Pylon: Rogue,62.0,3,"Aug 15, 2016",PC (Microsoft Windows),Worldwide
233,Onward,80.0,3,"Aug 30, 2016",PC (Microsoft Windows),Worldwide
233,Onward,80.0,3,"Aug 30, 2016",SteamVR,Worldwide
233,Onward,80.0,3,"Sep 11, 2017",Oculus VR,Worldwide
233,Onward,80.0,3,"Jul 30, 2020",Oculus Quest,Worldwide
233,Onward,80.0,3,"Jul 30, 2020",Meta Quest 2,Worldwide
233,Onward,80.0,3,"Nov 09, 2017",Oculus Rift,Worldwide
234,Quarantine,60.0,3,"Feb 09, 2017",PC (Microsoft Windows),Worldwide
235,The Spatials: Galactology,70.0,3,"Jul 07, 2016",Linux,Worldwide
235,The Spatials: Galactology,70.0,3,"Jul 07, 2016",Mac,Worldwide
235,The Spatials: Galactology,70.0,3,"Jul 07, 2016",PC (Microsoft Windows),Worldwide
236,Wayward,80.0,3,"Apr 22, 2016",PC (Microsoft Windows),Worldwide
236,Wayward,80.0,3,"Apr 22, 2016",Mac,Worldwide
236,Wayward,80.0,3,"Apr 22, 2016",Linux,Worldwide
237,Dreambreak,51.66666666666666,3,"Jul 21, 2016",PC (Microsoft Windows),Worldwide
237,Dreambreak,51.66666666666666,3,"Jul 21, 2016",Mac,Worldwide
237,Dreambreak,51.66666666666666,3,"Jul 21, 2016",PC (Microsoft Windows),North America
237,Dreambreak,51.66666666666666,3,"Sep 12, 2017",PlayStation 4,North America
237,Dreambreak,51.66666666666666,3,"Sep 14, 2017",Xbox One,Worldwide
238,Holodrive,79.0,3,"Mar 24, 2016",PC (Microsoft Windows),Worldwide
239,Saurian,60.0,3,"Aug 02, 2017",PC (Microsoft Windows),Worldwide
240,Empires of the Undergrowth,80.0,3,"Dec 01, 2017",Linux,Worldwide
240,Empires of the Undergrowth,80.0,3,"Jun 07, 2024",Linux,Worldwide
240,Empires of the Undergrowth,80.0,3,"Dec 01, 2017",Mac,Worldwide
240,Empires of the Undergrowth,80.0,3,"Jun 07, 2024",Mac,Worldwide
240,Empires of the Undergrowth,80.0,3,"Dec 01, 2017",PC (Microsoft Windows),Worldwide
240,Empires of the Undergrowth,80.0,3,"Jun 07, 2024",PC (Microsoft Windows),Worldwide
241,Wartile,70.0,3,"Mar 17, 2017",PC (Microsoft Windows),Worldwide
241,Wartile,70.0,3,"Mar 24, 2020",Xbox One,Worldwide
241,Wartile,70.0,3,"Mar 24, 2020",PlayStation 4,Worldwide
241,Wartile,70.0,3,"Oct 22, 2020",Nintendo Switch,North America
241,Wartile,70.0,3,"Nov 19, 2020",Nintendo Switch,Europe
242,KeeperRL,80.0,3,"Feb 02, 2015",PC (Microsoft Windows),Worldwide
242,KeeperRL,80.0,3,"Feb 02, 2015",Mac,Worldwide
242,KeeperRL,80.0,3,"Feb 02, 2015",Linux,Worldwide
243,Project Aura,50.0,3,"Jan 05, 2015",PC (Microsoft Windows),Worldwide
244,1... 2... 3... Kick It!: Drop That Beat Like an Ugly Baby,40.0,3,"Apr 01, 2011",PC (Microsoft Windows),Worldwide
245,Rising World,80.0,3,"Dec 03, 2014",PC (Microsoft Windows),Worldwide
245,Rising World,80.0,3,"Dec 03, 2014",Mac,Worldwide
245,Rising World,80.0,3,"Dec 03, 2014",Linux,Worldwide
246,Starforge,10.17757790959444,3,"Sep 18, 2014",Mac,Worldwide
246,Starforge,10.17757790959444,3,"Sep 18, 2014",PC (Microsoft Windows),Worldwide
247,Fabledom,83.0,2,"Apr 13, 2023",PC (Microsoft Windows),Worldwide
247,Fabledom,83.0,2,"May 13, 2024",PC (Microsoft Windows),Worldwide
247,Fabledom,83.0,2,2024,Xbox Series X|S,Worldwide
247,Fabledom,83.0,2,2024,PlayStation 5,Worldwide
247,Fabledom,83.0,2,2024,Nintendo Switch,Worldwide
248,Kukoos: Lost Pets,61.5,2,TBD,PlayStation 4,Worldwide
248,Kukoos: Lost Pets,61.5,2,TBD,PlayStation 5,Worldwide
248,Kukoos: Lost Pets,61.5,2,TBD,Xbox One,Worldwide
248,Kukoos: Lost Pets,61.5,2,TBD,Xbox Series X|S,Worldwide
248,Kukoos: Lost Pets,61.5,2,"Dec 15, 2021",PC (Microsoft Windows),Worldwide
248,Kukoos: Lost Pets,61.5,2,"Dec 06, 2022",Nintendo Switch,Worldwide
249,GetsuFumaDen: Undying Moon,70.5,2,"May 13, 2021",PC (Microsoft Windows),Worldwide
249,GetsuFumaDen: Undying Moon,70.5,2,"Feb 09, 2022",Nintendo Switch,Worldwide
250,Fuzz Force: Spook Squad,70.0,2,"Nov 17, 2020",PC (Microsoft Windows),Worldwide
251,Knock on the Coffin Lid,70.0,2,"Apr 08, 2020",PC (Microsoft Windows),Worldwide
252,Streamer Daily,70.0,2,"Mar 04, 2020",PC (Microsoft Windows),Worldwide
253,Soviet Jump Game,80.0,2,"Jan 09, 2020",PC (Microsoft Windows),Worldwide
253,Soviet Jump Game,80.0,2,"Jan 09, 2020",Mac,Worldwide
254,Card Hog,80.0,2,"Jun 23, 2020",PC (Microsoft Windows),Worldwide
254,Card Hog,80.0,2,"Mar 22, 2021",iOS,Worldwide
254,Card Hog,80.0,2,"Mar 22, 2021",Android,Worldwide
255,Comanche,60.0,2,"Mar 12, 2020",PC (Microsoft Windows),Worldwide
255,Comanche,60.0,2,"Aug 26, 2021",PC (Microsoft Windows),North America
256,Undying,67.0,2,"May 31, 2023",Nintendo Switch,Worldwide
256,Undying,67.0,2,"Jul 25, 2024",Nintendo Switch,Japan
256,Undying,67.0,2,"Oct 19, 2021",PC (Microsoft Windows),Worldwide
257,Killsquad,72.5,2,"Jul 16, 2019",PC (Microsoft Windows),Worldwide
257,Killsquad,72.5,2,"Oct 21, 2021",PC (Microsoft Windows),Worldwide
257,Killsquad,72.5,2,"Jul 20, 2023",PlayStation 4,North America
257,Killsquad,72.5,2,"Jul 20, 2023",PlayStation 4,Europe
257,Killsquad,72.5,2,"Jul 20, 2023",PlayStation 5,North America
257,Killsquad,72.5,2,"Jul 20, 2023",PlayStation 5,Europe
258,Little Witch Nobeta,70.5,2,"Sep 29, 2022",Nintendo Switch,Japan
258,Little Witch Nobeta,70.5,2,"Sep 29, 2022",PlayStation 4,Japan
258,Little Witch Nobeta,70.5,2,"Mar 07, 2023",Nintendo Switch,North America
258,Little Witch Nobeta,70.5,2,"Mar 07, 2023",Nintendo Switch,Europe
258,Little Witch Nobeta,70.5,2,"Mar 07, 2023",PlayStation 4,North America
258,Little Witch Nobeta,70.5,2,"Mar 07, 2023",PlayStation 4,Europe
258,Little Witch Nobeta,70.5,2,"Jun 24, 2020",PC (Microsoft Windows),Worldwide
258,Little Witch Nobeta,70.5,2,"Sep 29, 2022",PC (Microsoft Windows),Worldwide
259,Ashes of Oahu,50.0,2,"Aug 29, 2019",PC (Microsoft Windows),Worldwide
260,Timeflow: Time and Money Simulator,50.0,2,"Feb 01, 2015",PC (Microsoft Windows),Worldwide
261,Last Oasis,60.0,2,"Mar 26, 2021",Xbox One,Worldwide
261,Last Oasis,60.0,2,"Mar 26, 2020",PC (Microsoft Windows),Worldwide
262,Odd Realm,70.0,2,"Sep 29, 2018",PC (Microsoft Windows),Worldwide
262,Odd Realm,70.0,2,"Sep 29, 2018",Mac,Worldwide
262,Odd Realm,70.0,2,"Sep 29, 2018",Linux,Worldwide
263,No Time to Relax,70.0,2,"Feb 28, 2019",PC (Microsoft Windows),Worldwide
263,No Time to Relax,70.0,2,"Feb 24, 2020",Nintendo Switch,North America
263,No Time to Relax,70.0,2,"Dec 01, 2021",Xbox One,North America
263,No Time to Relax,70.0,2,"Feb 20, 2020",Nintendo Switch,Europe
263,No Time to Relax,70.0,2,"Jun 07, 2022",PlayStation 5,Worldwide
263,No Time to Relax,70.0,2,"Aug 21, 2019",PC (Microsoft Windows),Worldwide
263,No Time to Relax,70.0,2,"Aug 21, 2019",Mac,Worldwide
264,Pax Nova,50.0,2,"May 09, 2019",PC (Microsoft Windows),Worldwide
265,XO,70.0,2,"Dec 01, 2019",PC (Microsoft Windows),Worldwide
265,XO,70.0,2,"Dec 01, 2019",Mac,Worldwide
265,XO,70.0,2,"Dec 01, 2019",Linux,Worldwide
265,XO,70.0,2,"Dec 02, 2019",PC (Microsoft Windows),North America
265,XO,70.0,2,"Dec 02, 2019",Mac,North America
265,XO,70.0,2,"Dec 02, 2019",Linux,North America
266,Never Breakup,60.0,2,"Jul 16, 2020",Nintendo Switch,North America
266,Never Breakup,60.0,2,"Jul 16, 2020",Nintendo Switch,Europe
266,Never Breakup,60.0,2,"Jul 15, 2022",PC (Microsoft Windows),Worldwide
267,Newfound Courage,70.0,2,"Mar 22, 2019",PC (Microsoft Windows),Worldwide
267,Newfound Courage,70.0,2,"Mar 22, 2019",Mac,Worldwide
267,Newfound Courage,70.0,2,"Jun 24, 2022",Xbox One,North America
268,CryoFall,50.0,2,"Apr 03, 2019",PC (Microsoft Windows),Worldwide
269,Godhood,50.0,2,"Jul 10, 2019",PC (Microsoft Windows),Worldwide
270,Dead or School,67.5,2,"Aug 29, 2019",PlayStation 4,Japan
270,Dead or School,67.5,2,"Aug 29, 2019",Nintendo Switch,Japan
270,Dead or School,67.5,2,"Mar 13, 2020",Nintendo Switch,Worldwide
270,Dead or School,67.5,2,"Jun 03, 2019",PC (Microsoft Windows),Worldwide
270,Dead or School,67.5,2,"Mar 12, 2020",PlayStation 4,Worldwide
270,Dead or School,67.5,2,"Mar 12, 2020",Nintendo Switch,Europe
271,This Land Is My Land,70.0,2,"Nov 20, 2019",PC (Microsoft Windows),Worldwide
272,Blast Zone! Tournament,50.0,2,"Feb 28, 2019",PlayStation 4,Worldwide
272,Blast Zone! Tournament,50.0,2,"Jul 11, 2019",Xbox One,Worldwide
272,Blast Zone! Tournament,50.0,2,"Jul 31, 2018",PC (Microsoft Windows),Worldwide
273,KurtzPel,50.0,2,"Apr 03, 2019",PC (Microsoft Windows),Worldwide
274,Blood Waves,50.0,2,"Nov 24, 2017",PC (Microsoft Windows),Worldwide
274,Blood Waves,50.0,2,"Mar 15, 2019",PlayStation 4,Worldwide
274,Blood Waves,50.0,2,"Mar 15, 2019",Xbox One,Worldwide
274,Blood Waves,50.0,2,"Mar 15, 2019",Nintendo Switch,North America
274,Blood Waves,50.0,2,"Sep 21, 2022",PlayStation 5,Worldwide
274,Blood Waves,50.0,2,"Sep 21, 2022",Xbox Series X|S,North America
275,Forged Battalion,80.0,2,"Jan 16, 2018",PC (Microsoft Windows),Worldwide
276,Flotsam,60.0,2,"Sep 26, 2019",PC (Microsoft Windows),Worldwide
277,Wasted Pizza,50.0,2,"Oct 16, 2017",PC (Microsoft Windows),Worldwide
277,Wasted Pizza,50.0,2,"Oct 16, 2017",Linux,Worldwide
278,Flashing Lights: Police Fire EMS,50.0,2,"Jun 07, 2018",PC (Microsoft Windows),Worldwide
278,Flashing Lights: Police Fire EMS,50.0,2,"Jun 07, 2018",Mac,North America
279,Witch Hunt,80.0,2,2018,PC (Microsoft Windows),Worldwide
280,Empires in Ruins,70.0,2,"Feb 04, 2019",PC (Microsoft Windows),Worldwide
280,Empires in Ruins,70.0,2,"Feb 04, 2019",Linux,Worldwide
281,Dog Duty,70.0,2,"Sep 17, 2020",Nintendo Switch,Worldwide
281,Dog Duty,70.0,2,"Sep 17, 2020",PlayStation 4,Worldwide
281,Dog Duty,70.0,2,"Sep 17, 2020",Xbox One,Worldwide
281,Dog Duty,70.0,2,"Sep 16, 2020",PC (Microsoft Windows),Worldwide
281,Dog Duty,70.0,2,"Sep 16, 2020",Mac,Worldwide
282,Operation Warcade VR,72.5,2,"Jun 02, 2017",PC (Microsoft Windows),Worldwide
282,Operation Warcade VR,72.5,2,"Apr 11, 2018",PlayStation VR,Worldwide
283,Crest,60.0,2,"Apr 23, 2015",PC (Microsoft Windows),Worldwide
283,Crest,60.0,2,"Apr 23, 2015",Mac,Worldwide
283,Crest,60.0,2,"Apr 23, 2015",Linux,Worldwide
284,The District,20.0,2,"Mar 31, 2015",PC (Microsoft Windows),Worldwide
284,The District,20.0,2,"Mar 31, 2015",Linux,Worldwide
285,VR Karts,57.5,2,"Apr 17, 2015",PC (Microsoft Windows),Worldwide
285,VR Karts,57.5,2,"May 11, 2017",PlayStation VR,Europe
285,VR Karts,57.5,2,"Sep 12, 2017",PlayStation VR,North America
286,Planet Centauri,60.0,2,"Jun 03, 2016",PC (Microsoft Windows),Worldwide
286,Planet Centauri,60.0,2,"Jun 03, 2016",Mac,Worldwide
286,Planet Centauri,60.0,2,"Jun 03, 2016",Linux,Worldwide
287,Gamma Bros,70.0,2,"May 26, 2016",PC (Microsoft Windows),Worldwide
287,Gamma Bros,70.0,2,"May 26, 2016",Mac,Worldwide
287,Gamma Bros,70.0,2,"Jun 25, 2006",Web browser,Worldwide
288,Project Arrhythmia,70.0,2,Sep 2017,Mac,Worldwide
288,Project Arrhythmia,70.0,2,Sep 2017,Linux,Worldwide
288,Project Arrhythmia,70.0,2,Sep 2017,PC (Microsoft Windows),Worldwide
289,QuiVr,80.0,2,"Dec 19, 2016",PC (Microsoft Windows),Worldwide
289,QuiVr,80.0,2,"Apr 15, 2019",PlayStation VR,Worldwide
290,Blasters of the Universe,70.0,2,"Aug 31, 2017",PC (Microsoft Windows),Worldwide
290,Blasters of the Universe,70.0,2,"Feb 27, 2018",PlayStation VR,North America
290,Blasters of the Universe,70.0,2,"Feb 27, 2018",PlayStation VR,Europe
290,Blasters of the Universe,70.0,2,"Aug 31, 2017",SteamVR,Worldwide
290,Blasters of the Universe,70.0,2,"Aug 31, 2017",Oculus Rift,Worldwide
290,Blasters of the Universe,70.0,2,"Aug 31, 2017",Windows Mixed Reality,Worldwide
291,Bombslinger,72.5,2,"Apr 11, 2018",Nintendo Switch,Worldwide
291,Bombslinger,72.5,2,"Apr 11, 2018",PC (Microsoft Windows),Worldwide
291,Bombslinger,72.5,2,"Apr 11, 2018",Xbox One,Worldwide
292,Star Explorers,50.0,2,"May 08, 2017",PC (Microsoft Windows),Worldwide
293,Bigfoot,50.0,2,"Jan 31, 2017",PC (Microsoft Windows),Worldwide
294,Drunkn Bar Fight,80.0,2,"Nov 28, 2016",PC (Microsoft Windows),Worldwide
294,Drunkn Bar Fight,80.0,2,"Sep 12, 2019",Oculus Quest,Worldwide
294,Drunkn Bar Fight,80.0,2,"Feb 13, 2018",PlayStation VR,North America
294,Drunkn Bar Fight,80.0,2,"Mar 06, 2018",PlayStation VR,Europe
294,Drunkn Bar Fight,80.0,2,"Nov 16, 2023",PlayStation VR2,Europe
295,Brick Rigs,60.0,2,"Nov 07, 2016",PC (Microsoft Windows),Worldwide
295,Brick Rigs,60.0,2,"Jul 14, 2023",PC (Microsoft Windows),Worldwide
296,Low Magic Age,80.0,2,"Jan 10, 2017",PC (Microsoft Windows),Worldwide
297,A-Tech Cybernetic,80.0,2,"Mar 15, 2017",PC (Microsoft Windows),Worldwide
297,A-Tech Cybernetic,80.0,2,"Mar 26, 2020",PlayStation VR,Europe
297,A-Tech Cybernetic,80.0,2,"Mar 27, 2020",PlayStation VR,North America
298,Production Line,60.0,2,"May 18, 2017",PC (Microsoft Windows),Worldwide
299,Karnage Chronicles,80.0,2,"Apr 25, 2017",PC (Microsoft Windows),Worldwide
299,Karnage Chronicles,80.0,2,"Apr 25, 2017",SteamVR,Worldwide
300,Post Human W.A.R,75.0,2,Q1 2017,PC (Microsoft Windows),Worldwide
301,Sailaway,80.0,2,"Apr 25, 2017",Mac,Worldwide
301,Sailaway,80.0,2,"Apr 25, 2017",PC (Microsoft Windows),Worldwide
302,NITE Team 4,70.0,2,"Nov 15, 2017",PC (Microsoft Windows),Worldwide
302,NITE Team 4,70.0,2,"Nov 15, 2017",Mac,Worldwide
303,We Need to Go Deeper,80.0,2,"Feb 08, 2017",Mac,Worldwide
303,We Need to Go Deeper,80.0,2,"Feb 08, 2017",PC (Microsoft Windows),Worldwide
303,We Need to Go Deeper,80.0,2,"Feb 29, 2024",Nintendo Switch,Worldwide
304,BattleCrew: Space Pirates,35.0,2,"Jan 31, 2017",PC (Microsoft Windows),Worldwide
305,Spellsworn,80.0,2,"Nov 02, 2015",PC (Microsoft Windows),Worldwide
305,Spellsworn,80.0,2,"Nov 02, 2015",Linux,Worldwide
306,Yore VR,50.0,2,"Oct 24, 2016",PC (Microsoft Windows),Worldwide
307,Stellar Overload,60.0,2,"Oct 11, 2016",PC (Microsoft Windows),Worldwide
307,Stellar Overload,60.0,2,"Oct 11, 2016",Mac,Worldwide
307,Stellar Overload,60.0,2,"Oct 11, 2016",Linux,Worldwide
308,Timber and Stone,50.0,2,"Oct 20, 2015",PC (Microsoft Windows),Worldwide
309,Drift Into Eternity,72.5,2,"Nov 30, 2016",PC (Microsoft Windows),Worldwide
310,Exoplanet: First Contact,80.0,2,"Dec 09, 2016",PC (Microsoft Windows),Worldwide
310,Exoplanet: First Contact,80.0,2,"Dec 09, 2016",Linux,Worldwide
311,Feed and Grow: Fish,60.0,2,"Jan 08, 2016",PC (Microsoft Windows),Worldwide
312,DropZone,75.0,2,2017,PC (Microsoft Windows),Worldwide
312,DropZone,75.0,2,"Mar 31, 2017",PC (Microsoft Windows),North America
313,De Mambo,74.0,2,"Jul 13, 2017",Nintendo Switch,North America
313,De Mambo,74.0,2,"Jul 13, 2017",Nintendo Switch,Worldwide
313,De Mambo,74.0,2,"Oct 17, 2017",PC (Microsoft Windows),Worldwide
313,De Mambo,74.0,2,"Oct 17, 2017",Mac,Worldwide
313,De Mambo,74.0,2,"Oct 17, 2017",Linux,Worldwide
314,Super Indie Karts,80.0,2,"Apr 03, 2015",PC (Microsoft Windows),Worldwide
314,Super Indie Karts,80.0,2,"Apr 03, 2015",Mac,Worldwide
314,Super Indie Karts,80.0,2,"May 06, 2015",PC (Microsoft Windows),North America
314,Super Indie Karts,80.0,2,"May 06, 2015",Mac,North America
315,All Guns on Deck,40.0,2,"Aug 28, 2015",PC (Microsoft Windows),Worldwide
316,Wild Warfare,70.0,2,"Jul 15, 2014",PC (Microsoft Windows),Worldwide
316,Wild Warfare,70.0,2,"Jul 15, 2014",Mac,Worldwide
317,Elea,70.0,2,"Sep 06, 2018",Xbox One,Worldwide
317,Elea,70.0,2,"Jul 25, 2019",PlayStation 4,Worldwide
317,Elea,70.0,2,"Feb 07, 2020",Nintendo Switch,Worldwide
317,Elea,70.0,2,"Feb 08, 2020",Nintendo Switch,North America
317,Elea,70.0,2,"Feb 06, 2020",Nintendo Switch,Europe
317,Elea,70.0,2,"Sep 06, 2018",PC (Microsoft Windows),Worldwide
318,Kingdoms Rise,50.0,2,"Oct 01, 2013",PC (Microsoft Windows),Worldwide
319,Bombernauts,80.0,2,"Jun 05, 2015",PC (Microsoft Windows),Worldwide
319,Bombernauts,80.0,2,"Jun 05, 2015",Mac,Worldwide
319,Bombernauts,80.0,2,"Jun 05, 2015",Linux,Worldwide
320,Folk Tale,50.0,2,"Apr 04, 2013",PC (Microsoft Windows),Worldwide
320,Folk Tale,50.0,2,"Apr 04, 2013",Mac,Worldwide
321,Gabe Newell Simulator,50.0,2,"Oct 13, 2015",PC (Microsoft Windows),Worldwide
322,Subaeria,57.5,2,"Apr 24, 2018",Xbox One,Worldwide
322,Subaeria,57.5,2,"Apr 24, 2018",PlayStation 4,Worldwide
322,Subaeria,57.5,2,"Sep 22, 2015",PC (Microsoft Windows),Worldwide
323,Dispatcher,40.0,2,2015,PC (Microsoft Windows),Worldwide
323,Dispatcher,40.0,2,"Nov 13, 2015",PC (Microsoft Windows),Worldwide
324,Rodina,80.0,2,"Jul 28, 2014",PC (Microsoft Windows),Worldwide
325,Starmade,60.0,2,"Dec 04, 2014",PC (Microsoft Windows),Worldwide
325,Starmade,60.0,2,"Dec 04, 2014",Mac,Worldwide
325,Starmade,60.0,2,"Dec 04, 2014",Linux,Worldwide
326,Block Story,50.0,2,"Dec 10, 2015",PC (Microsoft Windows),Worldwide
326,Block Story,50.0,2,"Dec 15, 2015",Android,Worldwide
327,Prismata,70.0,2,"Mar 08, 2018",PC (Microsoft Windows),Worldwide
327,Prismata,70.0,2,"Mar 08, 2018",Mac,North America
328,Soulslinger: Envoy of Death,92.0,1,"Dec 14, 2023",PC (Microsoft Windows),Worldwide
329,New Star GP,80.0,1,"Aug 08, 2023",PC (Microsoft Windows),Worldwide
329,New Star GP,80.0,1,"Mar 07, 2024",PlayStation 4,Worldwide
329,New Star GP,80.0,1,"Mar 07, 2024",Nintendo Switch,Worldwide
329,New Star GP,80.0,1,"Mar 07, 2024",Xbox One,North America
329,New Star GP,80.0,1,"Mar 07, 2024",PC (Microsoft Windows),Worldwide
330,Forgive Me Father 2,70.0,1,"Oct 19, 2023",PC (Microsoft Windows),Worldwide
331,Go-Go Town!,85.0,1,TBD,Nintendo Switch,Worldwide
331,Go-Go Town!,85.0,1,TBD,PlayStation 5,Worldwide
331,Go-Go Town!,85.0,1,TBD,Xbox Series X|S,Worldwide
331,Go-Go Town!,85.0,1,"Jun 18, 2024",PC (Microsoft Windows),Worldwide
332,Trinity Fusion,85.0,1,"Apr 13, 2023",PC (Microsoft Windows),Worldwide
332,Trinity Fusion,85.0,1,"Dec 15, 2023",Xbox One,North America
332,Trinity Fusion,85.0,1,"Dec 15, 2023",Xbox Series X|S,North America
333,Voltaire: The Vegan Vampire,60.0,1,"Feb 27, 2023",PC (Microsoft Windows),Worldwide
334,Arto,35.0,1,"Feb 07, 2023",Nintendo Switch,Worldwide
334,Arto,35.0,1,"Feb 07, 2023",PC (Microsoft Windows),Worldwide
335,MythForce,65.0,1,"Apr 20, 2022",PC (Microsoft Windows),Worldwide
335,MythForce,65.0,1,"Sep 12, 2023",Nintendo Switch,Worldwide
335,MythForce,65.0,1,"Sep 12, 2023",PC (Microsoft Windows),Worldwide
335,MythForce,65.0,1,"Sep 12, 2023",Xbox Series X|S,Worldwide
335,MythForce,65.0,1,"Sep 12, 2023",Xbox One,Worldwide
335,MythForce,65.0,1,"Sep 12, 2023",PlayStation 4,Worldwide
335,MythForce,65.0,1,"Sep 12, 2023",PlayStation 5,Worldwide
335,MythForce,65.0,1,"Sep 12, 2023",Xbox One,North America
335,MythForce,65.0,1,"Sep 12, 2023",Xbox Series X|S,North America
336,Spiritfall,66.0,1,"Apr 03, 2023",PC (Microsoft Windows),Worldwide
337,Sker Ritual,60.0,1,"Oct 06, 2022",PC (Microsoft Windows),Worldwide
337,Sker Ritual,60.0,1,"Apr 18, 2024",PC (Microsoft Windows),Worldwide
337,Sker Ritual,60.0,1,"Apr 18, 2024",PlayStation 5,Worldwide
337,Sker Ritual,60.0,1,"Apr 18, 2024",Xbox Series X|S,Worldwide
338,Lovecraft's Untold Stories 2,40.0,1,"Sep 13, 2022",PC (Microsoft Windows),Worldwide
339,Thy Creature,90.0,1,"Feb 19, 2022",PC (Microsoft Windows),Worldwide
339,Thy Creature,90.0,1,"Nov 30, 2023",Nintendo Switch,Worldwide
340,Oaken,65.0,1,"May 03, 2022",PC (Microsoft Windows),Worldwide
340,Oaken,65.0,1,"May 03, 2022",Mac,Worldwide
340,Oaken,65.0,1,"May 03, 2022",Linux,Worldwide
340,Oaken,65.0,1,"Jul 20, 2023",Nintendo Switch,Worldwide
340,Oaken,65.0,1,"Jul 20, 2023",PlayStation 5,Worldwide
340,Oaken,65.0,1,"Jul 20, 2023",Xbox One,North America
340,Oaken,65.0,1,"Jul 20, 2023",Xbox Series X|S,North America
340,Oaken,65.0,1,"Jul 20, 2023",PlayStation 4,Worldwide
341,Dread Delusion,73.0,1,"Jun 15, 2022",PC (Microsoft Windows),Worldwide
341,Dread Delusion,73.0,1,"May 14, 2024",PC (Microsoft Windows),Worldwide
342,Mortal Sin,81.0,1,"Mar 15, 2023",PC (Microsoft Windows),Worldwide
343,Ember Knights,85.0,1,"Jul 18, 2023",Nintendo Switch,Worldwide
343,Ember Knights,85.0,1,"Apr 20, 2022",PC (Microsoft Windows),Worldwide
343,Ember Knights,85.0,1,"Jul 18, 2023",PC (Microsoft Windows),Worldwide
344,Puzzle Quest 3,60.0,1,"Mar 01, 2022",Android,Worldwide
344,Puzzle Quest 3,60.0,1,"Mar 01, 2022",iOS,Worldwide
344,Puzzle Quest 3,60.0,1,"Apr 18, 2023",Xbox Series X|S,Worldwide
344,Puzzle Quest 3,60.0,1,"Apr 18, 2023",Xbox One,Worldwide
344,Puzzle Quest 3,60.0,1,"Apr 18, 2023",PlayStation 4,Worldwide
344,Puzzle Quest 3,60.0,1,"Apr 18, 2023",PlayStation 5,Worldwide
345,Patch Quest,85.0,1,"May 07, 2021",PC (Microsoft Windows),Worldwide
345,Patch Quest,85.0,1,"Mar 02, 2023",PC (Microsoft Windows),Worldwide
346,Graven,75.0,1,2022,Xbox One,Worldwide
346,Graven,75.0,1,2022,Xbox Series X|S,Worldwide
346,Graven,75.0,1,2022,Nintendo Switch,Worldwide
346,Graven,75.0,1,2022,PlayStation 4,Worldwide
346,Graven,75.0,1,2022,PlayStation 5,Worldwide
346,Graven,75.0,1,"May 26, 2021",PC (Microsoft Windows),Worldwide
346,Graven,75.0,1,"Jan 23, 2024",PC (Microsoft Windows),Worldwide
347,Total Arcade Racing,80.0,1,"May 07, 2021",Nintendo Switch,North America
347,Total Arcade Racing,80.0,1,"Aug 14, 2020",PC (Microsoft Windows),Worldwide
347,Total Arcade Racing,80.0,1,"May 07, 2021",Nintendo Switch,Europe
347,Total Arcade Racing,80.0,1,"Nov 19, 2021",Xbox One,North America
347,Total Arcade Racing,80.0,1,"Nov 19, 2021",Xbox Series X|S,North America
347,Total Arcade Racing,80.0,1,TBD,PlayStation 4,Worldwide
348,Titan Chaser,80.0,1,"May 29, 2020",PC (Microsoft Windows),Worldwide
348,Titan Chaser,80.0,1,"Sep 15, 2021",Nintendo Switch,North America
348,Titan Chaser,80.0,1,"Sep 15, 2021",Xbox One,North America
348,Titan Chaser,80.0,1,"Sep 15, 2021",PlayStation 4,Worldwide
348,Titan Chaser,80.0,1,"Sep 15, 2021",PlayStation 5,Worldwide
348,Titan Chaser,80.0,1,"Sep 15, 2021",Nintendo Switch,Europe
348,Titan Chaser,80.0,1,"Sep 15, 2021",Xbox Series X|S,North America
349,Victory Road,80.0,1,"Mar 10, 2020",PC (Microsoft Windows),Worldwide
350,Mists of Noyah,60.0,1,"May 27, 2020",PC (Microsoft Windows),Worldwide
351,Weed Farmer Simulator,50.0,1,"Mar 16, 2020",PC (Microsoft Windows),Worldwide
352,Shaolin vs Wutang 2,70.0,1,"Feb 28, 2020",PC (Microsoft Windows),Worldwide
352,Shaolin vs Wutang 2,70.0,1,"Feb 21, 2024",Xbox Series X|S,North America
353,Barricadez,80.0,1,"Jan 06, 2020",PC (Microsoft Windows),Worldwide
354,Ultimate Zombie Defense,70.0,1,"Feb 21, 2020",PC (Microsoft Windows),Worldwide
355,Tainted Grail: The Fall of Avalon,0.0,1,"Mar 30, 2023",PC (Microsoft Windows),Worldwide
355,Tainted Grail: The Fall of Avalon,0.0,1,2024,PC (Microsoft Windows),Worldwide
355,Tainted Grail: The Fall of Avalon,0.0,1,TBD,PlayStation 5,Worldwide
356,Spellsword Cards: DungeonTop,68.0,1,"Dec 26, 2020",Nintendo Switch,North America
356,Spellsword Cards: DungeonTop,68.0,1,"Dec 26, 2020",Nintendo Switch,Europe
356,Spellsword Cards: DungeonTop,68.0,1,"Dec 25, 2020",PlayStation 4,North America
356,Spellsword Cards: DungeonTop,68.0,1,"Dec 25, 2020",PlayStation 4,Europe
356,Spellsword Cards: DungeonTop,68.0,1,"Jan 16, 2020",PC (Microsoft Windows),Worldwide
357,Mad Experiments: Escape Room,70.0,1,"Apr 16, 2020",PC (Microsoft Windows),Worldwide
357,Mad Experiments: Escape Room,70.0,1,"Apr 16, 2020",Mac,Worldwide
357,Mad Experiments: Escape Room,70.0,1,"Apr 16, 2020",Linux,Worldwide
358,MMORPG Tycoon 2,70.0,1,"Jan 06, 2020",PC (Microsoft Windows),Worldwide
358,MMORPG Tycoon 2,70.0,1,"Jan 06, 2020",Mac,Worldwide
358,MMORPG Tycoon 2,70.0,1,"Jan 06, 2020",Linux,Worldwide
359,Tip of the Spear: Task Force Elite,80.0,1,"Dec 19, 2019",PC (Microsoft Windows),Worldwide
359,Tip of the Spear: Task Force Elite,80.0,1,"Dec 18, 2019",PC (Microsoft Windows),North America
360,The Yellow King,70.0,1,"Nov 21, 2019",PC (Microsoft Windows),Worldwide
361,Errant Kingdom,70.0,1,"Jan 15, 2020",PC (Microsoft Windows),Worldwide
361,Errant Kingdom,70.0,1,"Jan 15, 2020",Mac,Worldwide
361,Errant Kingdom,70.0,1,"Jan 15, 2020",Linux,Worldwide
362,Day of Dragons,50.0,1,"Nov 21, 2019",PC (Microsoft Windows),Worldwide
363,Book of Travels,66.0,1,"Oct 11, 2021",PC (Microsoft Windows),Worldwide
363,Book of Travels,66.0,1,"Oct 11, 2021",Linux,Worldwide
363,Book of Travels,66.0,1,"Oct 11, 2021",Mac,Worldwide
364,Necronator: Dead Wrong,65.0,1,"Feb 13, 2020",PC (Microsoft Windows),Worldwide
365,Drift of the Hill,80.0,1,"Feb 14, 2020",PC (Microsoft Windows),North America
366,Neon Noodles: Cyberpunk Kitchen Automation,70.0,1,"Aug 03, 2023",PC (Microsoft Windows),Worldwide
366,Neon Noodles: Cyberpunk Kitchen Automation,70.0,1,"Aug 03, 2023",Linux,Worldwide
366,Neon Noodles: Cyberpunk Kitchen Automation,70.0,1,"Aug 03, 2023",Mac,Worldwide
367,Beat Blast,88.0,1,"Aug 14, 2020",PC (Microsoft Windows),Worldwide
367,Beat Blast,88.0,1,"Aug 14, 2020",PC (Microsoft Windows),North America
368,Bastide,50.0,1,"Feb 26, 2020",PC (Microsoft Windows),Worldwide
369,MicroTown,70.0,1,"Aug 30, 2019",PC (Microsoft Windows),North America
369,MicroTown,70.0,1,"Aug 30, 2019",Mac,North America
369,MicroTown,70.0,1,"Aug 30, 2019",Linux,North America
370,Devil's Deck,60.0,1,"Sep 18, 2019",PC (Microsoft Windows),Worldwide
370,Devil's Deck,60.0,1,"Sep 18, 2019",Linux,Worldwide
371,Neon Tail,70.0,1,"Oct 04, 2019",PC (Microsoft Windows),Worldwide
371,Neon Tail,70.0,1,"Feb 16, 2024",PC (Microsoft Windows),Worldwide
372,Onset,70.0,1,"Dec 13, 2019",PC (Microsoft Windows),Worldwide
373,Shadows of Doubt,80.0,1,"Apr 24, 2023",PC (Microsoft Windows),Worldwide
373,Shadows of Doubt,80.0,1,TBD,PC (Microsoft Windows),Worldwide
373,Shadows of Doubt,80.0,1,2024,Xbox Series X|S,Worldwide
373,Shadows of Doubt,80.0,1,2024,PlayStation 5,Worldwide
374,Sky Link,70.0,1,"Aug 16, 2019",PC (Microsoft Windows),North America
374,Sky Link,70.0,1,"Aug 16, 2019",PC (Microsoft Windows),Worldwide
375,Ritual: Crown of Horns,75.0,1,"Nov 07, 2019",PC (Microsoft Windows),Worldwide
375,Ritual: Crown of Horns,75.0,1,"Mar 13, 2020",Xbox One,Worldwide
375,Ritual: Crown of Horns,75.0,1,"Nov 07, 2019",Nintendo Switch,North America
375,Ritual: Crown of Horns,75.0,1,"Feb 28, 2020",PlayStation 4,Worldwide
375,Ritual: Crown of Horns,75.0,1,"Nov 07, 2019",Nintendo Switch,Europe
376,Naxia,50.0,1,"Nov 22, 2019",PC (Microsoft Windows),Worldwide
377,Ninja Legends,70.0,1,"Jul 11, 2019",PC (Microsoft Windows),Worldwide
377,Ninja Legends,70.0,1,"Oct 30, 2020",PlayStation VR,Worldwide
377,Ninja Legends,70.0,1,"Aug 08, 2019",Oculus Quest,Worldwide
377,Ninja Legends,70.0,1,"Aug 08, 2019",Meta Quest 2,Worldwide
378,Axis & Allies 1942 Online,50.0,1,"Jul 31, 2019",PC (Microsoft Windows),Worldwide
378,Axis & Allies 1942 Online,50.0,1,"Jul 31, 2019",Mac,Worldwide
378,Axis & Allies 1942 Online,50.0,1,"Jul 31, 2019",Linux,Worldwide
378,Axis & Allies 1942 Online,50.0,1,"Aug 11, 2021",iOS,Worldwide
379,Siege of Centauri,65.0,1,"Apr 16, 2019",PC (Microsoft Windows),Worldwide
380,Gravity Ace,70.0,1,"Oct 22, 2020",Linux,Worldwide
380,Gravity Ace,70.0,1,"May 26, 2022",Linux,Worldwide
380,Gravity Ace,70.0,1,"Oct 22, 2020",PC (Microsoft Windows),Worldwide
380,Gravity Ace,70.0,1,"May 26, 2022",PC (Microsoft Windows),Worldwide
381,Burned Land,70.0,1,"Aug 09, 2021",PC (Microsoft Windows),Worldwide
382,Road to Guangdong,50.0,1,"Jun 06, 2019",PC (Microsoft Windows),Worldwide
382,Road to Guangdong,50.0,1,"Aug 28, 2020",Xbox One,Worldwide
382,Road to Guangdong,50.0,1,"Aug 28, 2020",PlayStation 4,Worldwide
382,Road to Guangdong,50.0,1,"Aug 28, 2020",Nintendo Switch,Worldwide
383,Winkeltje: The Little Shop,70.0,1,"Apr 22, 2022",Nintendo Switch,Worldwide
383,Winkeltje: The Little Shop,70.0,1,"Apr 22, 2022",PlayStation 4,Worldwide
383,Winkeltje: The Little Shop,70.0,1,"Apr 22, 2022",Xbox One,Worldwide
383,Winkeltje: The Little Shop,70.0,1,"Feb 19, 2019",PC (Microsoft Windows),North America
383,Winkeltje: The Little Shop,70.0,1,"Apr 22, 2022",PC (Microsoft Windows),Worldwide
384,Cat and Ghostly Road,70.0,1,"Feb 27, 2020",PC (Microsoft Windows),Worldwide
384,Cat and Ghostly Road,70.0,1,"Mar 06, 2024",Xbox One,Worldwide
384,Cat and Ghostly Road,70.0,1,"Mar 06, 2024",Xbox Series X|S,Worldwide
384,Cat and Ghostly Road,70.0,1,"Mar 06, 2024",PlayStation 4,Worldwide
384,Cat and Ghostly Road,70.0,1,"Mar 06, 2024",PlayStation 5,Worldwide
384,Cat and Ghostly Road,70.0,1,"Mar 06, 2024",Nintendo Switch,Worldwide
385,2084,50.0,1,"Dec 13, 2018",PC (Microsoft Windows),Worldwide
386,Hotel Sowls,65.0,1,"Dec 31, 2019",PC (Microsoft Windows),Worldwide
386,Hotel Sowls,65.0,1,"Jul 30, 2020",Nintendo Switch,Worldwide
386,Hotel Sowls,65.0,1,"Jul 29, 2020",Nintendo Switch,Europe
386,Hotel Sowls,65.0,1,"Dec 31, 2019",Mac,Worldwide
387,Metaverse Keeper,70.0,1,"Nov 12, 2020",Nintendo Switch,Worldwide
387,Metaverse Keeper,70.0,1,"Apr 10, 2019",PC (Microsoft Windows),Worldwide
387,Metaverse Keeper,70.0,1,"Apr 10, 2019",Mac,Worldwide
387,Metaverse Keeper,70.0,1,"Apr 30, 2024",iOS,Worldwide
388,Murder Mystery Machine,73.0,1,"Sep 19, 2019",iOS,Worldwide
388,Murder Mystery Machine,73.0,1,"Aug 25, 2021",Nintendo Switch,North America
388,Murder Mystery Machine,73.0,1,"Aug 25, 2021",PC (Microsoft Windows),Worldwide
388,Murder Mystery Machine,73.0,1,"Aug 25, 2021",Xbox One,Worldwide
388,Murder Mystery Machine,73.0,1,"Aug 25, 2021",PlayStation 4,Worldwide
388,Murder Mystery Machine,73.0,1,"Aug 25, 2021",Nintendo Switch,Europe
389,Fantasy Blacksmith,50.0,1,"Nov 15, 2019",PC (Microsoft Windows),Worldwide
389,Fantasy Blacksmith,50.0,1,"Nov 02, 2022",Nintendo Switch,Worldwide
389,Fantasy Blacksmith,50.0,1,"Oct 19, 2022",Xbox One,North America
390,Deadliest Catch: The Game,45.0,1,"Nov 14, 2019",PC (Microsoft Windows),Worldwide
390,Deadliest Catch: The Game,45.0,1,"Jun 28, 2023",Nintendo Switch,Worldwide
390,Deadliest Catch: The Game,45.0,1,"Jun 28, 2023",Xbox One,North America
391,Blink: Rogues,65.0,1,"Sep 28, 2018",PC (Microsoft Windows),Worldwide
391,Blink: Rogues,65.0,1,"May 07, 2021",Nintendo Switch,North America
391,Blink: Rogues,65.0,1,"May 07, 2021",Nintendo Switch,Europe
392,Pandemic Express: Zombie Escape,60.0,1,"May 02, 2019",PC (Microsoft Windows),Worldwide
393,Time Warpers,70.0,1,"Nov 02, 2018",PC (Microsoft Windows),Worldwide
394,Deadside,60.0,1,"Apr 14, 2020",PC (Microsoft Windows),Worldwide
395,Lawless Lands,70.0,1,"Aug 14, 2020",PC (Microsoft Windows),Worldwide
396,Starcom: Nexus,70.0,1,"Dec 13, 2018",PC (Microsoft Windows),Worldwide
397,Good Company,60.0,1,"Mar 31, 2020",PC (Microsoft Windows),Worldwide
397,Good Company,60.0,1,"Jun 21, 2022",PC (Microsoft Windows),Worldwide
398,Black Paradox,35.0,1,"Apr 30, 2019",PlayStation 4,North America
398,Black Paradox,35.0,1,"May 01, 2019",PlayStation 4,Europe
398,Black Paradox,35.0,1,"May 03, 2019",Nintendo Switch,Worldwide
398,Black Paradox,35.0,1,"May 03, 2019",Xbox One,Worldwide
398,Black Paradox,35.0,1,"May 02, 2019",PC (Microsoft Windows),Worldwide
398,Black Paradox,35.0,1,"Nov 14, 2018",iOS,Worldwide
398,Black Paradox,35.0,1,"Nov 22, 2019",Android,Worldwide
398,Black Paradox,35.0,1,"Jul 27, 2018",Mac,Worldwide
398,Black Paradox,35.0,1,"May 02, 2019",Mac,Worldwide
399,Seeds of Resilience,60.0,1,"Jun 13, 2019",PC (Microsoft Windows),Worldwide
399,Seeds of Resilience,60.0,1,"Dec 18, 2020",PlayStation 4,Worldwide
399,Seeds of Resilience,60.0,1,"Nov 25, 2020",Xbox One,North America
399,Seeds of Resilience,60.0,1,"Jun 17, 2020",Nintendo Switch,Europe
399,Seeds of Resilience,60.0,1,"Jun 11, 2020",Nintendo Switch,North America
399,Seeds of Resilience,60.0,1,"Jun 13, 2019",Mac,Worldwide
399,Seeds of Resilience,60.0,1,"Jun 13, 2019",Linux,Worldwide
399,Seeds of Resilience,60.0,1,"Jun 11, 2020",Nintendo Switch,Worldwide
400,Rapture Rejects,50.0,1,"Nov 29, 2018",PC (Microsoft Windows),Worldwide
401,Melting World Online,50.0,1,"Oct 04, 2018",PC (Microsoft Windows),Worldwide
402,A Long Way Down,50.0,1,"Jan 16, 2020",PC (Microsoft Windows),Worldwide
402,A Long Way Down,50.0,1,"Jan 16, 2020",Mac,Worldwide
402,A Long Way Down,50.0,1,"Jan 16, 2020",Linux,Worldwide
402,A Long Way Down,50.0,1,"Apr 01, 2021",Nintendo Switch,North America
402,A Long Way Down,50.0,1,"Apr 01, 2021",Nintendo Switch,Europe
403,Adeptus Titanicus: Dominus,80.0,1,"May 31, 2018",PC (Microsoft Windows),Worldwide
404,The Hardest Dungeon,70.0,1,"Nov 29, 2018",PC (Microsoft Windows),Worldwide
405,Find Your Way,50.0,1,"Apr 10, 2019",PC (Microsoft Windows),Worldwide
406,Newt One,70.0,1,"Sep 06, 2019",PC (Microsoft Windows),Worldwide
406,Newt One,70.0,1,"Sep 06, 2019",Xbox One,Worldwide
406,Newt One,70.0,1,"Sep 12, 2019",Nintendo Switch,North America
406,Newt One,70.0,1,"Sep 06, 2019",Mac,North America
406,Newt One,70.0,1,"Aug 30, 2019",PlayStation 4,North America
406,Newt One,70.0,1,"Sep 12, 2019",Nintendo Switch,Europe
406,Newt One,70.0,1,"Aug 30, 2019",Xbox One,North America
406,Newt One,70.0,1,"Sep 06, 2019",Mac,Worldwide
407,The True Slime King,90.0,1,"Mar 09, 2018",PC (Microsoft Windows),Worldwide
408,ValeGuard,64.0,1,"May 11, 2018",PC (Microsoft Windows),Worldwide
409,Vox Machinae,80.0,1,"Sep 26, 2018",Oculus Rift,Worldwide
409,Vox Machinae,80.0,1,"Sep 26, 2018",Windows Mixed Reality,Worldwide
409,Vox Machinae,80.0,1,"Sep 26, 2018",PC (Microsoft Windows),Worldwide
409,Vox Machinae,80.0,1,"Sep 26, 2018",SteamVR,Worldwide
409,Vox Machinae,80.0,1,"Mar 03, 2022",Meta Quest 2,Worldwide
410,Final Assault,70.0,1,"Mar 20, 2019",PC (Microsoft Windows),Worldwide
410,Final Assault,70.0,1,"May 12, 2020",PlayStation 4,Worldwide
410,Final Assault,70.0,1,TBD,PlayStation VR,Worldwide
411,BoxVR,80.0,1,"May 21, 2019",PC (Microsoft Windows),Worldwide
411,BoxVR,80.0,1,"Apr 30, 2019",PlayStation VR,Worldwide
412,Sipho,70.0,1,"Nov 13, 2018",PC (Microsoft Windows),Worldwide
412,Sipho,70.0,1,"Nov 13, 2018",Mac,Worldwide
412,Sipho,70.0,1,"Nov 13, 2018",Linux,Worldwide
413,The Snowboard Game,60.0,1,"Apr 24, 2018",PC (Microsoft Windows),Worldwide
414,Swords 'n Magic and Stuff,80.0,1,"Sep 08, 2020",PC (Microsoft Windows),Worldwide
